regime,num_taxa,length_nt,rep,num_events,false_positive,runtime_ms,events_summary
clock_null,24,600,1,0,0,169.101666,[]
clock_null,24,600,4,0,0,191.02437500000002,[]
clock_null,32,600,1,0,0,170.22191600000002,[]
clock_null,24,3000,2,0,0,168.1901669999999,[]
clock_null,32,3000,2,0,0,273.1607090000001,[]
clock_null,24,9600,3,0,0,434.2576250000001,[]
clock_null,24,9600,0,0,0,387.1399999999998,[]
clock_null,48,600,1,0,0,186.93383300000033,[]
clock_null,32,9600,0,0,0,409.49908300000004,[]
clock_null,32,600,4,0,0,73.10258299999984,[]
clock_null,48,3000,2,0,0,258.9007919999999,[]
clock_null,48,600,4,0,0,146.04266700000014,[]
clock_null,32,9600,3,0,0,543.0602910000002,[]
clock_null,64,600,1,0,0,452.7718749999998,[]
clock_null,48,9600,3,0,0,871.8691670000003,[]
clock_null,48,9600,0,0,0,876.6743329999999,[]
clock_null,96,600,1,0,0,118.20220900000011,[]
clock_null,64,3000,2,0,0,775.4681250000002,[]
clock_null,64,600,4,0,0,396.77270799999985,[]
clock_null,96,600,4,0,0,181.1401250000002,[]
clock_null,128,600,1,0,0,223.65654099999998,[]
clock_null,96,3000,2,0,0,913.5034170000002,[]
clock_null,64,9600,0,0,0,1821.258625,[]
gamma_asrv_null,24,600,0,0,0,30.053417000000415,[]
clock_null,128,600,4,0,0,382.7584169999998,[]
clock_null,128,3000,2,0,0,761.6627500000002,[]
gamma_asrv_null,24,3000,1,0,0,194.65737500000023,[]
gamma_asrv_null,24,600,3,0,0,90.56745799999976,[]
gamma_asrv_null,24,3000,4,0,0,145.50924999999992,[]
gamma_asrv_null,24,9600,2,0,0,319.9356669999993,[]
gamma_asrv_null,32,600,0,0,0,172.80208400000063,[]
gamma_asrv_null,32,3000,1,0,0,175.00708299999968,[]
clock_null,96,9600,0,0,0,2223.099459,[]
gamma_asrv_null,32,600,3,0,0,93.33937500000022,[]
gamma_asrv_null,48,600,0,0,0,168.76645900000042,[]
gamma_asrv_null,32,3000,4,0,0,166.7705420000001,[]
gamma_asrv_null,32,9600,2,0,0,347.94637499999936,[]
clock_null,64,9600,3,0,0,2997.9091249999997,[]
gamma_asrv_null,48,3000,1,0,0,238.9770000000002,[]
gamma_asrv_null,48,600,3,0,0,383.89154199999973,[]
gamma_asrv_null,48,3000,4,0,0,491.15637499999923,[]
clock_null,128,9600,0,0,0,2741.1160409999998,[]
gamma_asrv_null,64,600,0,0,0,489.5233750000001,[]
clock_null,96,9600,3,0,0,3227.2507079999996,[]
gamma_asrv_null,64,600,3,0,0,205.8809159999999,[]
gamma_asrv_null,48,9600,2,0,0,1073.7245830000006,[]
gamma_asrv_null,64,3000,1,0,0,739.6972909999997,[]
gamma_asrv_null,64,3000,4,0,0,436.8480830000001,[]
gamma_asrv_null,96,600,0,0,0,316.478708,[]
gamma_asrv_null,96,600,3,0,0,366.7245830000008,[]
clock_null,128,9600,3,0,0,3445.112666999999,[]
gamma_asrv_null,128,600,0,0,0,215.9137090000005,[]
gamma_asrv_null,96,3000,1,0,0,852.8516250000005,[]
gamma_asrv_null,96,3000,4,0,0,616.2207920000001,[]
gamma_asrv_null,128,600,3,0,0,169.71345800000037,[]
heterotachy_darren_null,24,3000,0,0,0,226.76183400000127,[]
heterotachy_darren_null,24,600,2,0,0,157.72516700000062,[]
heterotachy_darren_null,24,9600,1,0,0,276.2407919999994,[]
heterotachy_darren_null,24,3000,3,0,0,92.19158299999997,[]
gamma_asrv_null,128,3000,4,0,0,545.3054580000014,[]
heterotachy_darren_null,32,3000,0,0,0,128.50375000000014,[]
gamma_asrv_null,128,3000,1,0,0,984.1063339999998,[]
heterotachy_darren_null,24,9600,4,0,0,219.61987499999935,[]
heterotachy_darren_null,32,9600,1,0,0,225.81124999999957,[]
heterotachy_darren_null,32,600,2,0,0,97.03762500000046,[]
heterotachy_darren_null,32,3000,3,0,0,210.02133300000025,[]
gamma_asrv_null,64,9600,2,0,0,2390.733084000001,[]
heterotachy_darren_null,48,3000,0,0,0,229.32220899999933,[]
heterotachy_darren_null,32,9600,4,0,0,357.0355000000003,[]
heterotachy_darren_null,48,600,2,0,0,113.76862500000051,[]
heterotachy_darren_null,48,3000,3,0,0,240.06966600000013,[]
heterotachy_darren_null,64,3000,0,0,0,211.09920900000034,[]
heterotachy_darren_null,64,600,2,0,0,231.09995799999973,[]
heterotachy_darren_null,64,3000,3,0,0,348.7475419999999,[]
heterotachy_darren_null,48,9600,4,0,0,787.4781669999998,[]
heterotachy_darren_null,96,3000,0,0,0,358.48608399999904,[]
heterotachy_darren_null,96,600,2,0,0,194.4034170000002,[]
heterotachy_darren_null,48,9600,1,0,0,1380.569125000001,[]
gamma_asrv_null,96,9600,2,0,0,3252.7309170000008,[]
heterotachy_darren_null,96,3000,3,0,0,534.6534169999994,[]
heterotachy_darren_null,64,9600,4,0,0,1365.1827920000005,[]
heterotachy_darren_null,128,600,2,0,0,191.55104199999863,[]
heterotachy_darren_null,128,3000,0,0,0,613.5069169999987,[]
apobec_shower_null,24,9600,0,0,0,198.19145900000024,[]
apobec_shower_null,24,600,1,0,0,14.327916999999246,[]
heterotachy_darren_null,128,3000,3,0,0,510.6269579999996,[]
apobec_shower_null,24,3000,2,0,0,203.72208300000062,[]
gamma_asrv_null,128,9600,2,0,0,4130.716958000001,[]
heterotachy_darren_null,96,9600,4,0,0,1406.035082999999,[]
heterotachy_darren_null,64,9600,1,0,0,2535.989417,[]
apobec_shower_null,24,9600,3,0,0,351.7792499999999,[]
apobec_shower_null,32,600,1,0,0,168.82758300000057,[]
apobec_shower_null,24,600,4,0,0,256.553791,[]
apobec_shower_null,32,3000,2,0,0,267.77345800000063,[]
apobec_shower_null,32,9600,0,0,0,284.51962499999973,[]
apobec_shower_null,32,600,4,0,0,322.70820899999995,[]
apobec_shower_null,32,9600,3,0,0,427.81199999999944,[]
heterotachy_darren_null,96,9600,1,0,0,3021.3987919999995,[]
apobec_shower_null,48,600,1,0,0,174.03866599999952,[]
apobec_shower_null,48,3000,2,0,0,243.50016600000046,[]
apobec_shower_null,48,600,4,0,0,164.7679999999987,[]
heterotachy_darren_null,128,9600,4,0,0,1834.230374999999,[]
apobec_shower_null,64,600,1,0,0,204.22091700000067,[]
apobec_shower_null,48,9600,0,0,0,1010.7290829999993,[]
apobec_shower_null,64,600,4,0,0,292.6877910000005,[]
apobec_shower_null,64,3000,2,0,0,577.7395839999997,[]
apobec_shower_null,96,600,1,0,0,220.28791700000028,[]
apobec_shower_null,48,9600,3,0,0,1108.6520830000009,[]
heterotachy_darren_null,128,9600,1,0,0,3770.2527920000007,[]
apobec_shower_null,96,600,4,0,0,300.7215419999998,[]
apobec_shower_null,128,600,1,0,0,10.571209000000081,[]
apobec_shower_null,96,3000,2,0,0,631.3543330000009,[]
apobec_shower_null,64,9600,0,0,0,1929.9174590000002,[]
apobec_shower_null,128,600,4,0,0,80.44562499999941,[]
darwinian_burst_null,24,600,0,0,0,84.4675420000005,[]
darwinian_burst_null,24,3000,1,0,0,117.0342919999996,[]
darwinian_burst_null,24,9600,2,0,0,150.64945900000026,[]
apobec_shower_null,128,3000,2,0,0,865.0774160000001,[]
darwinian_burst_null,24,600,3,0,0,30.42754200000175,[]
apobec_shower_null,96,9600,0,0,0,1838.416959,[]
apobec_shower_null,64,9600,3,0,0,2410.900291999999,[]
darwinian_burst_null,24,3000,4,0,0,402.4843329999985,[]
darwinian_burst_null,32,600,0,0,0,277.9670420000002,[]
darwinian_burst_null,32,3000,1,0,0,286.38341699999967,[]
darwinian_burst_null,32,600,3,0,0,26.052415999998857,[]
darwinian_burst_null,32,3000,4,0,0,137.40379200000064,[]
darwinian_burst_null,48,600,0,0,0,139.2222089999997,[]
darwinian_burst_null,48,600,3,0,0,87.05449999999715,[]
darwinian_burst_null,48,3000,1,0,0,174.62625000000287,[]
apobec_shower_null,128,9600,0,0,0,2064.4192079999984,[]
darwinian_burst_null,64,600,0,0,0,34.87612500000026,[]
darwinian_burst_null,32,9600,2,0,0,537.8751249999993,[]
darwinian_burst_null,48,3000,4,0,0,248.74391699999876,[]
darwinian_burst_null,64,600,3,0,0,112.11587500000064,[]
darwinian_burst_null,96,600,0,0,0,89.668249999999,[]
darwinian_burst_null,64,3000,1,0,0,505.1478749999987,[]
darwinian_burst_null,64,3000,4,0,0,359.5688749999972,[]
darwinian_burst_null,96,600,3,0,0,202.63570799999897,[]
darwinian_burst_null,48,9600,2,0,0,1031.0031670000014,[]
darwinian_burst_null,96,3000,1,0,0,628.7321249999991,[]
apobec_shower_null,96,9600,3,0,0,3419.039208000001,[]
darwinian_burst_null,96,3000,4,0,0,465.3609170000017,[]
darwinian_burst_null,128,600,0,0,0,390.57704200000035,[]
darwinian_burst_null,128,600,3,0,0,217.60162500000035,[]
apobec_shower_null,128,9600,3,0,0,3464.4573750000022,[]
darwinian_burst_null,128,3000,1,0,0,501.2067500000015,[]
darwinian_burst_null,128,3000,4,0,0,264.4578330000016,[]
darwinian_burst_null,64,9600,2,0,0,1699.3582499999995,[]
darwinian_burst_null,96,9600,2,0,0,1623.941458000001,[]
darwinian_burst_null,128,9600,2,0,0,1293.3982499999993,[]
