tool,d_parent,K,total_taxa,unique_events_mean,raw_alerts_mean,recall_mean,precision_mean,bg_fp_mean,bg_fpr_mean,jaccard_mean,time_ms_mean
3SEQ,0.02,2,42.0,9.45,9.45,1.0,0.7250650971478956,7.45,0.18624999999999997,0.9557804858692158,846.02396455
3SEQ,0.02,5,45.0,10.65,10.65,1.0,0.7898160173160174,5.65,0.14125000000000001,0.9665892815434878,1144.65766665
3SEQ,0.02,8,48.0,25.65,25.65,1.0,0.4435453672981186,17.65,0.44125,0.9521382836158676,1478.7506563499999
3SEQ,0.02,10,50.0,21.8,21.8,1.0,0.6737894003063636,11.8,0.295,0.9500762647552768,1609.9175708
3SEQ,0.02,15,55.0,30.5,30.5,1.0,0.6251357510722105,15.5,0.3875,0.9677030927312105,2276.3026562499995
3SEQ,0.05,2,42.0,26.55,26.55,1.0,0.16740610838436926,24.55,0.61375,0.9864370951382527,1201.0963727499998
3SEQ,0.05,5,45.0,38.8,38.8,1.0,0.1380152887875335,33.8,0.845,0.9818997167510055,1501.1270978500004
3SEQ,0.05,8,48.0,45.85,45.85,1.0,0.1791110523765473,37.85,0.94625,0.9827425195310411,1952.3926167000002
3SEQ,0.05,10,50.0,49.7,49.7,1.0,0.2012505427702996,39.7,0.9925,0.9851538857588136,2140.3200290500004
3SEQ,0.05,15,55.0,53.95,53.95,1.0,0.28077200577200573,38.95,0.9737500000000001,0.9827837268703075,2921.756133199999
3SEQ,0.1,2,42.0,36.75,36.75,1.0,0.0583415559343449,34.75,0.86875,0.9919108570255103,1491.6544479499996
3SEQ,0.1,5,45.0,44.85,44.85,1.0,0.11149577167019027,39.85,0.9962500000000001,0.9926279886485961,1936.7505208000002
3SEQ,0.1,8,48.0,48.0,48.0,1.0,0.16666666666666666,40.0,1.0,0.9913204202069062,2479.8426730499973
3SEQ,0.1,10,50.0,50.0,50.0,1.0,0.2,40.0,1.0,0.992512520460848,2780.210187399998
3SEQ,0.1,15,55.0,55.0,55.0,1.0,0.2727272727272727,40.0,1.0,0.9907501709390261,3750.503524949999
RhizAeon,0.02,2,42.0,1.0,2.0,1.0,1.0,0.0,0.0,0.928677637886195,275.07610199999993
RhizAeon,0.02,5,45.0,1.0,5.0,1.0,1.0,0.0,0.0,0.9137332849780258,224.49122085000005
RhizAeon,0.02,8,48.0,1.0,8.0,1.0,1.0,0.0,0.0,0.9103463461695591,309.06778124999994
RhizAeon,0.02,10,50.0,1.0,10.0,1.0,1.0,0.0,0.0,0.9142800180787269,279.9488000499999
RhizAeon,0.02,15,55.0,1.05,15.75,1.0,1.0,0.0,0.0,0.9405485782340172,425.2444770999993
RhizAeon,0.05,2,42.0,1.0,2.0,1.0,1.0,0.0,0.0,0.9744060661043085,165.69123935000025
RhizAeon,0.05,5,45.0,1.0,5.0,1.0,1.0,0.0,0.0,0.9771208206639918,211.46865189999957
RhizAeon,0.05,8,48.0,1.0,8.0,1.0,1.0,0.0,0.0,0.9620617448684783,291.1399624000002
RhizAeon,0.05,10,50.0,1.0,10.0,1.0,1.0,0.0,0.0,0.9655001858353615,320.1016228499999
RhizAeon,0.05,15,55.0,1.0,15.0,1.0,1.0,0.0,0.0,0.9724087347229553,456.45443760000006
RhizAeon,0.1,2,42.0,1.2,3.8,1.0,0.898989898989899,1.4,0.034999999999999996,0.9833960608739115,201.89737495000026
RhizAeon,0.1,5,45.0,1.0,5.0,1.0,1.0,0.0,0.0,0.9831831109481936,212.5802208000007
RhizAeon,0.1,8,48.0,1.0,8.0,1.0,1.0,0.0,0.0,0.9838283339982745,287.9331313999998
RhizAeon,0.1,10,50.0,1.0,10.0,1.0,1.0,0.0,0.0,0.985412533718337,285.0921145000001
RhizAeon,0.1,15,55.0,1.0,15.0,1.0,1.0,0.0,0.0,0.9840132545132845,446.40732915000217
