tool,d_parent,K,rep,total_taxa,unique_events,raw_alerts,unique_rec_taxa,recall,precision,bg_fp_count,bg_fpr,jaccard,time_ms
RhizAeon,0.02,2,0,42,1,2,2,1.0,1.0,0,0.0,0.8548177083333334,188.0674579999999
3SEQ,0.02,2,0,42,40,40,2,1.0,0.05,38,0.95,0.9434464404524284,720.4425410000001
RhizAeon,0.02,2,6,42,1,2,2,1.0,1.0,0,0.0,0.9319682959048877,159.47337499999992
3SEQ,0.02,2,6,42,2,2,2,1.0,1.0,0,0.0,0.9353764157228515,820.9537500000001
RhizAeon,0.02,2,4,42,1,2,2,1.0,1.0,0,0.0,0.9881500987491771,203.51104199999992
3SEQ,0.02,2,4,42,2,2,2,1.0,1.0,0,0.0,0.9868334430546412,845.7738329999997
RhizAeon,0.02,2,2,42,1,2,2,1.0,1.0,0,0.0,0.9333333333333333,217.2517500000002
3SEQ,0.02,2,2,42,2,2,2,1.0,1.0,0,0.0,0.9080612924716855,833.9907500000002
RhizAeon,0.02,2,1,42,1,2,2,1.0,1.0,0,0.0,0.9786808794137242,175.58224999999993
3SEQ,0.02,2,1,42,2,2,2,1.0,1.0,0,0.0,0.9621794871794872,834.4637499999999
RhizAeon,0.02,2,5,42,1,2,2,1.0,1.0,0,0.0,0.8509114583333334,158.1067920000001
3SEQ,0.02,2,5,42,2,2,2,1.0,1.0,0,0.0,0.9646902065289806,825.74225
RhizAeon,0.02,2,7,42,1,2,2,1.0,1.0,0,0.0,0.9294117647058824,164.03049999999996
3SEQ,0.02,2,7,42,2,2,2,1.0,1.0,0,0.0,0.9428391959798995,920.4166249999998
RhizAeon,0.02,2,3,42,1,2,2,1.0,1.0,0,0.0,0.960692871419054,170.42025000000004
3SEQ,0.02,2,3,42,2,2,2,1.0,1.0,0,0.0,0.9746753246753247,905.4489999999997
RhizAeon,0.02,2,12,42,1,2,2,1.0,1.0,0,0.0,0.9220519653564291,327.1743329999999
3SEQ,0.02,2,12,42,2,2,2,1.0,1.0,0,0.0,0.9733510992671552,690.7500840000002
RhizAeon,0.02,2,10,42,1,2,2,1.0,1.0,0,0.0,0.9771689497716894,415.76091599999995
3SEQ,0.02,2,10,42,2,2,2,1.0,1.0,0,0.0,0.9603072983354674,764.9039580000001
RhizAeon,0.02,2,11,42,1,2,2,1.0,1.0,0,0.0,0.903932946486138,379.418458
3SEQ,0.02,2,11,42,2,2,2,1.0,1.0,0,0.0,0.8404255319148937,765.5793330000002
RhizAeon,0.02,2,9,42,1,2,2,1.0,1.0,0,0.0,0.9960079840319361,482.8119159999997
3SEQ,0.02,2,9,42,21,21,2,1.0,0.09523809523809523,19,0.475,0.9740173217854764,813.066917
RhizAeon,0.02,2,8,42,1,2,2,1.0,1.0,0,0.0,0.9735099337748344,390.440833
3SEQ,0.02,2,8,42,2,2,2,1.0,1.0,0,0.0,0.9522546419098143,820.589
RhizAeon,0.02,2,15,42,1,2,2,1.0,1.0,0,0.0,0.8247834776815456,129.2083749999997
3SEQ,0.02,2,15,42,22,22,2,1.0,0.09090909090909091,20,0.5,0.9540306462358428,936.833584
RhizAeon,0.02,2,13,42,1,2,2,1.0,1.0,0,0.0,0.9144615384615384,348.67941700000006
3SEQ,0.02,2,13,42,2,2,2,1.0,1.0,0,0.0,0.9690122659780503,938.6942499999998
RhizAeon,0.02,2,14,42,1,2,2,1.0,1.0,0,0.0,0.9690122659780503,320.38158299999964
3SEQ,0.02,2,14,42,2,2,2,1.0,1.0,0,0.0,0.9953488372093023,1058.4698750000002
RhizAeon,0.02,2,16,42,1,2,2,1.0,1.0,0,0.0,0.8752927400468384,285.51091699999984
3SEQ,0.02,2,16,42,18,18,2,1.0,0.1111111111111111,16,0.4,0.9654714475431607,911.8673330000005
RhizAeon,0.02,2,17,42,1,2,2,1.0,1.0,0,0.0,0.979672131147541,379.8020000000002
3SEQ,0.02,2,17,42,19,19,2,1.0,0.10526315789473684,17,0.425,0.9686684073107049,828.8808749999998
RhizAeon,0.02,2,19,42,1,2,2,1.0,1.0,0,0.0,0.9220519653564291,251.89887499999975
3SEQ,0.02,2,19,42,2,2,2,1.0,1.0,0,0.0,0.9793471019320453,801.238916
RhizAeon,0.02,2,18,42,1,2,2,1.0,1.0,0,0.0,0.8876404494382022,353.99100000000016
3SEQ,0.02,2,18,42,41,41,2,1.0,0.04878048780487805,39,0.975,0.9652733118971061,882.3726670000003
RhizAeon,0.02,5,1,45,1,5,5,1.0,1.0,0,0.0,0.9467021985343105,214.11325000000002
3SEQ,0.02,5,1,45,5,5,5,1.0,1.0,0,0.0,0.9800133244503664,1014.0845
RhizAeon,0.02,5,0,45,1,5,5,1.0,1.0,0,0.0,0.921990171990172,275.97450000000026
3SEQ,0.02,5,0,45,42,42,5,1.0,0.11904761904761904,37,0.925,0.9621552277100706,1150.5398749999997
RhizAeon,0.02,5,2,45,1,5,5,1.0,1.0,0,0.0,0.985440105890139,189.84887500000002
3SEQ,0.02,5,2,45,22,22,5,1.0,0.22727272727272727,17,0.425,0.9601328903654485,1221.6459999999997
RhizAeon,0.02,5,3,45,1,5,5,1.0,1.0,0,0.0,0.8294470353097935,156.89737499999978
3SEQ,0.02,5,3,45,24,24,5,1.0,0.20833333333333334,19,0.475,0.9561855670103093,1308.00025
RhizAeon,0.02,5,4,45,1,5,5,1.0,1.0,0,0.0,0.9786808794137242,264.6792080000005
3SEQ,0.02,5,4,45,24,24,5,1.0,0.20833333333333334,19,0.475,0.989452867501648,1135.2715
RhizAeon,0.02,5,6,45,1,5,5,1.0,1.0,0,0.0,0.7208527648234511,179.9591249999999
3SEQ,0.02,5,6,45,5,5,5,1.0,1.0,0,0.0,0.9853431045969354,1236.4285829999994
RhizAeon,0.02,5,5,45,1,5,5,1.0,1.0,0,0.0,0.9714475431606906,247.22020899999995
3SEQ,0.02,5,5,45,5,5,5,1.0,1.0,0,0.0,0.9980026631158455,1296.9941250000004
RhizAeon,0.02,5,7,45,1,5,5,1.0,1.0,0,0.0,0.8607594936708861,171.6501250000002
3SEQ,0.02,5,7,45,5,5,5,1.0,1.0,0,0.0,0.9467021985343105,1360.699917
RhizAeon,0.02,5,8,45,1,5,5,1.0,1.0,0,0.0,0.9467021985343105,458.69370799999933
3SEQ,0.02,5,8,45,5,5,5,1.0,1.0,0,0.0,0.976790450928382,1082.3938749999993
RhizAeon,0.02,5,10,45,1,5,5,1.0,1.0,0,0.0,0.6682211858760826,230.54254199999934
3SEQ,0.02,5,10,45,5,5,5,1.0,1.0,0,0.0,0.927381745502998,1084.57575
RhizAeon,0.02,5,9,45,1,5,5,1.0,1.0,0,0.0,0.9655844155844155,316.14779199999975
3SEQ,0.02,5,9,45,5,5,5,1.0,1.0,0,0.0,0.9868507560815253,1123.9720000000002
RhizAeon,0.02,5,11,45,1,5,5,1.0,1.0,0,0.0,0.9287141905396402,147.96600000000026
3SEQ,0.02,5,11,45,5,5,5,1.0,1.0,0,0.0,0.9588859416445623,1081.1916659999997
RhizAeon,0.02,5,12,45,1,5,5,1.0,1.0,0,0.0,0.9423459244532804,183.44820800000062
3SEQ,0.02,5,12,45,5,5,5,1.0,1.0,0,0.0,0.9920212765957447,1038.4344580000002
RhizAeon,0.02,5,14,45,1,5,5,1.0,1.0,0,0.0,0.8401065956029313,215.1795830000003
3SEQ,0.02,5,14,45,5,5,5,1.0,1.0,0,0.0,0.8734177215189873,1014.4849589999998
RhizAeon,0.02,5,13,45,1,5,5,1.0,1.0,0,0.0,0.9846768820786143,254.73812500000025
3SEQ,0.02,5,13,45,25,25,5,1.0,0.2,20,0.5,0.9966799468791501,1079.2319999999993
RhizAeon,0.02,5,15,45,1,5,5,1.0,1.0,0,0.0,0.9802890932982917,143.8094999999997
3SEQ,0.02,5,15,45,6,6,5,1.0,0.8333333333333334,1,0.025,0.9339152119700748,1136.2830410000004
RhizAeon,0.02,5,16,45,1,5,5,1.0,1.0,0,0.0,0.9806795469686875,252.65433300000063
3SEQ,0.02,5,16,45,5,5,5,1.0,1.0,0,0.0,0.9740428293316029,1036.134959
RhizAeon,0.02,5,17,45,1,5,5,1.0,1.0,0,0.0,0.882744836775483,248.20129200000008
3SEQ,0.02,5,17,45,5,5,5,1.0,1.0,0,0.0,0.9769433465085638,999.0345409999994
RhizAeon,0.02,5,18,45,1,5,5,1.0,1.0,0,0.0,0.9625984251968503,196.2309170000003
3SEQ,0.02,5,18,45,5,5,5,1.0,1.0,0,0.0,0.9920477137176938,1183.234125000001
RhizAeon,0.02,5,19,45,1,5,5,1.0,1.0,0,0.0,0.9766822118587608,141.86974999999967
3SEQ,0.02,5,19,45,5,5,5,1.0,1.0,0,0.0,0.9648208469055375,1310.5172089999994
RhizAeon,0.02,8,0,48,1,8,8,1.0,1.0,0,0.0,0.9366687777074097,246.34666700000008
3SEQ,0.02,8,0,48,27,27,8,1.0,0.2962962962962963,19,0.475,0.95445798588839,1505.907582999999
RhizAeon,0.02,8,1,48,1,8,8,1.0,1.0,0,0.0,0.8080459770114943,244.13837500000034
3SEQ,0.02,8,1,48,28,28,8,1.0,0.2857142857142857,20,0.5,0.8539848749272833,1555.6024590000002
RhizAeon,0.02,8,2,48,1,8,8,1.0,1.0,0,0.0,0.9015384615384615,274.6742080000004
3SEQ,0.02,8,2,48,27,27,8,1.0,0.2962962962962963,19,0.475,0.8518728717366629,1608.4957919999993
RhizAeon,0.02,8,3,48,1,8,8,1.0,1.0,0,0.0,0.9840106595602931,292.8752500000007
3SEQ,0.02,8,3,48,8,8,8,1.0,1.0,0,0.0,0.9888010540184453,1451.8395000000003
RhizAeon,0.02,8,4,48,1,8,8,1.0,1.0,0,0.0,0.9580279813457695,494.12491599999873
3SEQ,0.02,8,4,48,44,44,8,1.0,0.18181818181818182,36,0.9,0.972531066056246,1307.2920840000002
RhizAeon,0.02,8,5,48,1,8,8,1.0,1.0,0,0.0,0.9800133244503664,407.44499999999914
3SEQ,0.02,8,5,48,28,28,8,1.0,0.2857142857142857,20,0.5,0.9413724183877415,1315.9353749999987
RhizAeon,0.02,8,6,48,1,8,8,1.0,1.0,0,0.0,0.9653564290473018,391.1293330000003
3SEQ,0.02,8,6,48,26,26,8,1.0,0.3076923076923077,18,0.45,0.9873586161011311,1465.222292
RhizAeon,0.02,8,7,48,1,8,8,1.0,1.0,0,0.0,0.854763491005996,211.54274999999956
3SEQ,0.02,8,7,48,8,8,8,1.0,1.0,0,0.0,0.9546968687541639,1544.5057080000008
RhizAeon,0.02,8,8,48,1,8,8,1.0,1.0,0,0.0,0.8467688207861426,221.00291699999985
3SEQ,0.02,8,8,48,29,29,8,1.0,0.27586206896551724,21,0.525,0.9513981358189081,1476.1842089999996
RhizAeon,0.02,8,10,48,1,8,8,1.0,1.0,0,0.0,0.8733572281959379,242.58612500000078
3SEQ,0.02,8,10,48,27,27,8,1.0,0.2962962962962963,19,0.475,0.9725848563968669,1422.2546660000007
RhizAeon,0.02,8,9,48,1,8,8,1.0,1.0,0,0.0,0.9593604263824117,342.66820900000107
3SEQ,0.02,8,9,48,9,9,8,1.0,0.8888888888888888,1,0.025,0.9740173217854764,1513.4314159999994
RhizAeon,0.02,8,12,48,1,8,8,1.0,1.0,0,0.0,0.9322981366459627,258.61124999999953
3SEQ,0.02,8,12,48,47,47,8,1.0,0.1702127659574468,39,0.975,0.9797650130548303,1318.8830420000013
RhizAeon,0.02,8,11,48,1,8,8,1.0,1.0,0,0.0,0.8929702343255225,269.06016699999924
3SEQ,0.02,8,11,48,29,29,8,1.0,0.27586206896551724,21,0.525,0.9458253664754621,1507.323791000001
RhizAeon,0.02,8,13,48,1,8,8,1.0,1.0,0,0.0,0.9572431397574984,336.34933300000114
3SEQ,0.02,8,13,48,28,28,8,1.0,0.2857142857142857,20,0.5,0.9690122659780503,1455.581582999999
RhizAeon,0.02,8,14,48,1,8,8,1.0,1.0,0,0.0,0.9108009708737864,321.37404199999867
3SEQ,0.02,8,14,48,8,8,8,1.0,1.0,0,0.0,0.959079283887468,1507.612667
RhizAeon,0.02,8,15,48,1,8,8,1.0,1.0,0,0.0,0.8920719520319786,193.66145799999936
3SEQ,0.02,8,15,48,29,29,8,1.0,0.27586206896551724,21,0.525,0.9437086092715232,1590.6601249999994
RhizAeon,0.02,8,16,48,1,8,8,1.0,1.0,0,0.0,0.9360426382411725,209.64295799999988
3SEQ,0.02,8,16,48,48,48,8,1.0,0.16666666666666666,40,1.0,0.9867461895294898,1636.010708999999
RhizAeon,0.02,8,17,48,1,8,8,1.0,1.0,0,0.0,0.938707528314457,512.1302920000002
3SEQ,0.02,8,17,48,8,8,8,1.0,1.0,0,0.0,0.9533644237175216,1380.8771669999994
RhizAeon,0.02,8,19,48,1,8,8,1.0,1.0,0,0.0,0.8287808127914723,281.23895799999946
3SEQ,0.02,8,19,48,28,28,8,1.0,0.2857142857142857,20,0.5,0.969596827495043,1452.613875000001
RhizAeon,0.02,8,18,48,1,8,8,1.0,1.0,0,0.0,0.8500999333777481,430.753417
3SEQ,0.02,8,18,48,27,27,8,1.0,0.2962962962962963,19,0.475,0.9325916230366492,1558.7790840000011
RhizAeon,0.02,10,0,50,1,10,10,1.0,1.0,0,0.0,0.9029535864978903,261.7977499999995
3SEQ,0.02,10,0,50,29,29,10,1.0,0.3448275862068966,19,0.475,0.9840213049267643,1658.578125
RhizAeon,0.02,10,1,50,1,10,10,1.0,1.0,0,0.0,0.8700866089273818,193.74687499999865
3SEQ,0.02,10,1,50,48,48,10,1.0,0.20833333333333334,38,0.95,0.8829411764705882,1824.3687919999995
RhizAeon,0.02,10,2,50,1,10,10,1.0,1.0,0,0.0,0.927063339731286,309.38291700000065
3SEQ,0.02,10,2,50,10,10,10,1.0,1.0,0,0.0,0.9751471550032701,1544.7158749999996
RhizAeon,0.02,10,3,50,1,10,10,1.0,1.0,0,0.0,0.8144744399770247,237.04762499999887
3SEQ,0.02,10,3,50,10,10,10,1.0,1.0,0,0.0,0.9009603841536614,1560.825125000001
RhizAeon,0.02,10,4,50,1,10,10,1.0,1.0,0,0.0,0.715522984676882,261.2628749999999
3SEQ,0.02,10,4,50,31,31,10,1.0,0.3225806451612903,21,0.525,0.9653564290473018,1646.9205000000002
RhizAeon,0.02,10,5,50,1,10,10,1.0,1.0,0,0.0,0.9804049640757675,313.5775420000009
3SEQ,0.02,10,5,50,10,10,10,1.0,1.0,0,0.0,0.9744597249508841,1551.230125
RhizAeon,0.02,10,6,50,1,10,10,1.0,1.0,0,0.0,0.9616908850726552,365.68533300000007
3SEQ,0.02,10,6,50,30,30,10,1.0,0.3333333333333333,20,0.5,0.9786808794137242,1521.0493750000005
RhizAeon,0.02,10,7,50,1,10,10,1.0,1.0,0,0.0,0.9294117647058824,245.3417499999997
3SEQ,0.02,10,7,50,10,10,10,1.0,1.0,0,0.0,0.8871158392434988,1814.6749579999994
RhizAeon,0.02,10,8,50,1,10,10,1.0,1.0,0,0.0,0.7246117084826762,263.960333
3SEQ,0.02,10,8,50,10,10,10,1.0,1.0,0,0.0,0.8398983481575604,1600.63375
RhizAeon,0.02,10,9,50,1,10,10,1.0,1.0,0,0.0,0.955363091272485,311.7346250000015
3SEQ,0.02,10,9,50,30,30,10,1.0,0.3333333333333333,20,0.5,0.9853431045969354,1591.6683339999995
RhizAeon,0.02,10,10,50,1,10,10,1.0,1.0,0,0.0,0.8908977556109726,262.52345800000046
3SEQ,0.02,10,10,50,10,10,10,1.0,1.0,0,0.0,0.9953580901856764,1645.6484580000001
RhizAeon,0.02,10,11,50,1,10,10,1.0,1.0,0,0.0,0.9596153846153846,232.2052499999998
3SEQ,0.02,10,11,50,11,11,10,1.0,0.9090909090909091,1,0.025,0.9340385812072184,1648.4424580000016
RhizAeon,0.02,10,12,50,1,10,10,1.0,1.0,0,0.0,0.9493670886075949,319.81262499999906
3SEQ,0.02,10,12,50,11,11,10,1.0,0.9090909090909091,1,0.025,0.9119076549210207,1717.8107910000015
RhizAeon,0.02,10,13,50,1,10,10,1.0,1.0,0,0.0,0.9769129287598944,370.1687500000013
3SEQ,0.02,10,13,50,29,29,10,1.0,0.3448275862068966,19,0.475,0.9526281635301752,1503.2296669999994
RhizAeon,0.02,10,14,50,1,10,10,1.0,1.0,0,0.0,0.9080814312152992,278.4940840000001
3SEQ,0.02,10,14,50,10,10,10,1.0,1.0,0,0.0,0.9777777777777777,1524.4669999999996
RhizAeon,0.02,10,15,50,1,10,10,1.0,1.0,0,0.0,0.962508080155139,271.1694999999992
3SEQ,0.02,10,15,50,50,50,10,1.0,0.2,40,1.0,0.9868507560815253,1593.3277920000003
RhizAeon,0.02,10,16,50,1,10,10,1.0,1.0,0,0.0,0.9520319786808794,324.80412499999824
3SEQ,0.02,10,16,50,10,10,10,1.0,1.0,0,0.0,0.9228210246174318,1545.6681669999987
RhizAeon,0.02,10,17,50,1,10,10,1.0,1.0,0,0.0,0.9767287234042553,285.21266699999967
3SEQ,0.02,10,17,50,50,50,10,1.0,0.2,40,1.0,0.9866755496335776,1546.1596670000013
RhizAeon,0.02,10,18,50,1,10,10,1.0,1.0,0,0.0,0.9740173217854764,250.94266700000034
3SEQ,0.02,10,18,50,27,27,10,1.0,0.37037037037037035,17,0.425,0.9913735899137359,1564.0832909999992
RhizAeon,0.02,10,19,50,1,10,10,1.0,1.0,0,0.0,0.95385629531971,240.10524999999916
3SEQ,0.02,10,19,50,10,10,10,1.0,1.0,0,0.0,0.9681697612732095,1594.8491659999995
RhizAeon,0.02,15,0,55,1,15,15,1.0,1.0,0,0.0,0.9572704081632653,355.7404169999998
3SEQ,0.02,15,0,55,34,34,15,1.0,0.4411764705882353,19,0.475,0.9822485207100592,2263.9915419999993
RhizAeon,0.02,15,1,55,1,15,15,1.0,1.0,0,0.0,0.9886968085106383,421.79900000000004
3SEQ,0.02,15,1,55,52,52,15,1.0,0.28846153846153844,37,0.925,0.9760159893404398,2208.9127499999995
RhizAeon,0.02,15,2,55,1,15,15,1.0,1.0,0,0.0,0.9700199866755497,420.78287500000044
3SEQ,0.02,15,2,55,35,35,15,1.0,0.42857142857142855,20,0.5,0.9873417721518988,2179.3608750000003
RhizAeon,0.02,15,4,55,1,15,15,1.0,1.0,0,0.0,0.8908754623921085,432.18258299999945
3SEQ,0.02,15,4,55,16,16,15,1.0,0.9375,1,0.025,0.9508726567550096,2064.067667
RhizAeon,0.02,15,3,55,1,15,15,1.0,1.0,0,0.0,0.9548095545513234,379.3090840000026
3SEQ,0.02,15,3,55,15,15,15,1.0,1.0,0,0.0,0.9868507560815253,2267.3568330000007
RhizAeon,0.02,15,6,55,1,15,15,1.0,1.0,0,0.0,0.9846768820786143,390.538166999999
3SEQ,0.02,15,6,55,15,15,15,1.0,1.0,0,0.0,0.9678688524590164,2205.422291999998
RhizAeon,0.02,15,7,55,1,15,15,1.0,1.0,0,0.0,0.9800266311584553,390.30129199999664
3SEQ,0.02,15,7,55,15,15,15,1.0,1.0,0,0.0,0.9841897233201581,2147.891667
RhizAeon,0.02,15,5,55,1,15,15,1.0,1.0,0,0.0,0.8759493670886076,400.1079999999995
3SEQ,0.02,15,5,55,35,35,15,1.0,0.42857142857142855,20,0.5,0.9174193548387096,2500.2387500000013
RhizAeon,0.02,15,8,55,1,15,15,1.0,1.0,0,0.0,0.9193870752831446,447.6657089999989
3SEQ,0.02,15,8,55,15,15,15,1.0,1.0,0,0.0,0.9413724183877415,2256.9761250000015
RhizAeon,0.02,15,9,55,1,15,15,1.0,1.0,0,0.0,0.8187874750166556,452.8229999999986
3SEQ,0.02,15,9,55,33,33,15,1.0,0.45454545454545453,18,0.45,0.9633577614923384,2275.399333000003
RhizAeon,0.02,15,10,55,1,15,15,1.0,1.0,0,0.0,0.9766822118587608,425.97866699999895
3SEQ,0.02,15,10,55,34,34,15,1.0,0.4411764705882353,19,0.475,0.9738562091503268,2264.377540999998
RhizAeon,0.02,15,12,55,1,15,15,1.0,1.0,0,0.0,0.9906914893617021,502.6603750000014
3SEQ,0.02,15,12,55,16,16,15,1.0,0.9375,1,0.025,0.962796664528544,2069.992499999998
RhizAeon,0.02,15,11,55,1,15,15,1.0,1.0,0,0.0,0.9526982011992006,407.74654099999805
3SEQ,0.02,15,11,55,15,15,15,1.0,1.0,0,0.0,0.9966711051930759,2336.023958000002
RhizAeon,0.02,15,15,55,1,15,15,1.0,1.0,0,0.0,0.9590218109715797,387.9627079999999
3SEQ,0.02,15,15,55,54,54,15,1.0,0.2777777777777778,39,0.975,0.9694148936170213,2179.113749999999
RhizAeon,0.02,15,13,55,2,30,15,1.0,1.0,0,0.0,0.9540306462358428,500.40887500000156
3SEQ,0.02,15,13,55,15,15,15,1.0,1.0,0,0.0,0.9793471019320453,2443.7067919999968
RhizAeon,0.02,15,14,55,1,15,15,1.0,1.0,0,0.0,0.9746835443037974,388.1156669999974
3SEQ,0.02,15,14,55,55,55,15,1.0,0.2727272727272727,40,1.0,0.9769433465085638,2444.0864170000013
RhizAeon,0.05,2,0,42,1,2,2,1.0,1.0,0,0.0,0.9652733118971061,140.74545800000138
3SEQ,0.05,2,0,42,39,39,2,1.0,0.05128205128205128,37,0.925,0.9966711051930759,1155.2892499999991
RhizAeon,0.05,2,1,42,1,2,2,1.0,1.0,0,0.0,0.9913448735019973,222.83354099999997
3SEQ,0.05,2,1,42,2,2,2,1.0,1.0,0,0.0,0.9960026648900733,983.3532920000004
RhizAeon,0.05,2,2,42,1,2,2,1.0,1.0,0,0.0,0.9953488372093023,171.0452079999989
3SEQ,0.05,2,2,42,42,42,2,1.0,0.047619047619047616,40,1.0,0.9946702198534311,1030.4052089999977
RhizAeon,0.05,2,3,42,1,2,2,1.0,1.0,0,0.0,0.9146341463414634,126.24441700000233
3SEQ,0.05,2,3,42,23,23,2,1.0,0.08695652173913043,21,0.525,0.9746835443037974,1049.069499999998
RhizAeon,0.02,15,16,55,1,15,15,1.0,1.0,0,0.0,0.8218911917098446,438.47970799999916
3SEQ,0.02,15,16,55,35,35,15,1.0,0.42857142857142855,20,0.5,0.9407061958694204,2260.6937500000013
RhizAeon,0.02,15,17,55,1,15,15,1.0,1.0,0,0.0,0.9033977348434377,459.13295799999787
3SEQ,0.02,15,17,55,35,35,15,1.0,0.42857142857142855,20,0.5,0.9608753315649867,2293.8543749999985
RhizAeon,0.05,2,4,42,1,2,2,1.0,1.0,0,0.0,0.9640333975594091,136.51599999999675
3SEQ,0.05,2,4,42,22,22,2,1.0,0.09090909090909091,20,0.5,0.9836173001310616,1105.4744159999998
RhizAeon,0.02,15,18,55,1,15,15,1.0,1.0,0,0.0,0.9806795469686875,438.66287499999856
3SEQ,0.02,15,18,55,33,33,15,1.0,0.45454545454545453,18,0.45,0.9873417721518988,2406.718415999997
RhizAeon,0.02,15,19,55,1,15,15,1.0,1.0,0,0.0,0.9566955363091273,464.49104099999875
3SEQ,0.02,15,19,55,53,53,15,1.0,0.2830188679245283,38,0.95,0.9485714285714286,2457.867791999998
RhizAeon,0.05,2,5,42,1,2,2,1.0,1.0,0,0.0,0.9467186484730344,149.031291
3SEQ,0.05,2,5,42,21,21,2,1.0,0.09523809523809523,19,0.475,0.9834546657842489,1240.8299579999991
RhizAeon,0.05,2,6,42,1,2,2,1.0,1.0,0,0.0,0.9848184818481848,139.41470800000033
3SEQ,0.05,2,6,42,42,42,2,1.0,0.047619047619047616,40,1.0,0.9866755496335776,1331.416291
RhizAeon,0.05,2,7,42,1,2,2,1.0,1.0,0,0.0,0.9794973544973545,129.77254200000132
3SEQ,0.05,2,7,42,22,22,2,1.0,0.09090909090909091,20,0.5,0.9893404397068621,1381.0659160000007
RhizAeon,0.05,2,9,42,1,2,2,1.0,1.0,0,0.0,0.9900066622251832,122.71383299999883
3SEQ,0.05,2,9,42,22,22,2,1.0,0.09090909090909091,20,0.5,0.9946702198534311,1175.487416000003
RhizAeon,0.05,2,8,42,1,2,2,1.0,1.0,0,0.0,0.9639407598197038,218.8667500000001
3SEQ,0.05,2,8,42,22,22,2,1.0,0.09090909090909091,20,0.5,0.9946702198534311,1319.2528330000002
RhizAeon,0.05,2,11,42,1,2,2,1.0,1.0,0,0.0,0.9649805447470817,138.75562500000171
3SEQ,0.05,2,11,42,40,40,2,1.0,0.05,38,0.95,0.9721502590673575,1163.9808340000002
RhizAeon,0.05,2,10,42,1,2,2,1.0,1.0,0,0.0,0.9953580901856764,339.0418749999995
3SEQ,0.05,2,10,42,42,42,2,1.0,0.047619047619047616,40,1.0,0.967784352399737,1204.2729580000007
RhizAeon,0.05,2,12,42,1,2,2,1.0,1.0,0,0.0,0.977646285338593,163.31441599999863
3SEQ,0.05,2,12,42,22,22,2,1.0,0.09090909090909091,20,0.5,0.9960106382978723,1238.4861670000014
RhizAeon,0.05,2,14,42,1,2,2,1.0,1.0,0,0.0,0.9450757575757576,202.7849580000023
3SEQ,0.05,2,14,42,2,2,2,1.0,1.0,0,0.0,0.9780876494023905,1098.8874159999966
RhizAeon,0.05,2,13,42,1,2,2,1.0,1.0,0,0.0,0.9933818663136995,230.37720800000017
3SEQ,0.05,2,13,42,23,23,2,1.0,0.08695652173913043,21,0.525,0.9753497668221186,1206.8291249999988
RhizAeon,0.05,2,15,42,1,2,2,1.0,1.0,0,0.0,0.9993342210386151,123.94533300000177
3SEQ,0.05,2,15,42,21,21,2,1.0,0.09523809523809523,19,0.475,0.9960026648900733,1289.6076250000021
RhizAeon,0.05,2,16,42,1,2,2,1.0,1.0,0,0.0,0.9753086419753086,152.27224999999933
3SEQ,0.05,2,16,42,42,42,2,1.0,0.047619047619047616,40,1.0,0.9808580858085808,1178.3378750000004
RhizAeon,0.05,2,17,42,1,2,2,1.0,1.0,0,0.0,0.9849081364829396,131.5272080000014
3SEQ,0.05,2,17,42,22,22,2,1.0,0.09090909090909091,20,0.5,0.9920106524633822,1329.3356249999988
RhizAeon,0.05,2,18,42,1,2,2,1.0,1.0,0,0.0,0.9861751152073732,143.8900409999988
3SEQ,0.05,2,18,42,39,39,2,1.0,0.05128205128205128,37,0.925,0.9960185799601858,1249.3360829999992
RhizAeon,0.05,2,19,42,1,2,2,1.0,1.0,0,0.0,0.970336189848385,130.73212500000153
3SEQ,0.05,2,19,42,21,21,2,1.0,0.09523809523809523,19,0.475,0.9800133244503664,1291.2096660000002
RhizAeon,0.05,5,0,45,1,5,5,1.0,1.0,0,0.0,0.9920424403183024,164.59550000000078
3SEQ,0.05,5,0,45,44,44,5,1.0,0.11363636363636363,39,0.975,0.9986675549633578,1713.8220420000002
RhizAeon,0.05,5,2,45,1,5,5,1.0,1.0,0,0.0,0.9906852960745176,275.02895800000005
3SEQ,0.05,5,2,45,25,25,5,1.0,0.2,20,0.5,0.9980026631158455,1294.922333999999
RhizAeon,0.05,5,1,45,1,5,5,1.0,1.0,0,0.0,0.9973404255319149,410.05374999999947
3SEQ,0.05,5,1,45,25,25,5,1.0,0.2,20,0.5,0.9940357852882704,1381.2619999999995
RhizAeon,0.05,5,4,45,1,5,5,1.0,1.0,0,0.0,0.97556142668428,171.19212500000103
3SEQ,0.05,5,4,45,44,44,5,1.0,0.11363636363636363,39,0.975,0.9497716894977168,1463.2434580000008
RhizAeon,0.05,5,3,45,1,5,5,1.0,1.0,0,0.0,0.9920053297801465,278.3325829999974
3SEQ,0.05,5,3,45,27,27,5,1.0,0.18518518518518517,22,0.55,0.9920687376074026,1549.788750000001
RhizAeon,0.05,5,5,45,1,5,5,1.0,1.0,0,0.0,0.9887862796833773,176.08312499999812
3SEQ,0.05,5,5,45,45,45,5,1.0,0.1111111111111111,40,1.0,0.9880159786950732,1465.295458
RhizAeon,0.05,5,6,45,1,5,5,1.0,1.0,0,0.0,0.97265625,230.47874999999962
3SEQ,0.05,5,6,45,45,45,5,1.0,0.1111111111111111,40,1.0,0.9886892880904857,1535.164291000001
RhizAeon,0.05,5,7,45,1,5,5,1.0,1.0,0,0.0,0.9920582395764395,182.41945799999826
3SEQ,0.05,5,7,45,44,44,5,1.0,0.11363636363636363,39,0.975,0.9940199335548173,1558.2155409999991
RhizAeon,0.05,5,8,45,1,5,5,1.0,1.0,0,0.0,0.9853431045969354,164.9245410000013
3SEQ,0.05,5,8,45,45,45,5,1.0,0.1111111111111111,40,1.0,0.9820119920053297,1564.9308749999982
RhizAeon,0.05,5,9,45,1,5,5,1.0,1.0,0,0.0,0.9860093271152565,258.05641599999876
3SEQ,0.05,5,9,45,43,43,5,1.0,0.11627906976744186,38,0.95,0.9614873837981408,1492.3324160000036
RhizAeon,0.05,5,10,45,1,5,5,1.0,1.0,0,0.0,0.948582729070534,157.84654099999784
3SEQ,0.05,5,10,45,45,45,5,1.0,0.1111111111111111,40,1.0,0.9480346435709527,1504.6324999999997
RhizAeon,0.05,5,11,45,1,5,5,1.0,1.0,0,0.0,0.993364299933643,228.74541699999895
3SEQ,0.05,5,11,45,45,45,5,1.0,0.1111111111111111,40,1.0,0.9615639496355202,1442.6390829999996
RhizAeon,0.05,5,12,45,1,5,5,1.0,1.0,0,0.0,0.986728599867286,224.36516599999834
3SEQ,0.05,5,12,45,45,45,5,1.0,0.1111111111111111,40,1.0,0.9913391072618255,1551.4330829999992
RhizAeon,0.05,5,13,45,1,5,5,1.0,1.0,0,0.0,0.9888010540184453,162.0953329999999
3SEQ,0.05,5,13,45,45,45,5,1.0,0.1111111111111111,40,1.0,0.9770642201834863,1535.4081670000035
RhizAeon,0.05,5,14,45,1,5,5,1.0,1.0,0,0.0,0.8212996389891697,215.61062500000006
3SEQ,0.05,5,14,45,44,44,5,1.0,0.11363636363636363,39,0.975,0.9804049640757675,1477.4859170000027
RhizAeon,0.05,5,15,45,1,5,5,1.0,1.0,0,0.0,0.9960106382978723,176.25795800000077
3SEQ,0.05,5,15,45,45,45,5,1.0,0.1111111111111111,40,1.0,0.9913563829787234,1506.8958750000015
RhizAeon,0.05,5,16,45,1,5,5,1.0,1.0,0,0.0,0.9993337774816788,166.0901250000002
3SEQ,0.05,5,16,45,23,23,5,1.0,0.21739130434782608,18,0.45,0.9940318302387268,1514.1200839999983
RhizAeon,0.05,5,17,45,1,5,5,1.0,1.0,0,0.0,0.970995385629532,194.91137500000022
3SEQ,0.05,5,17,45,28,28,5,1.0,0.17857142857142858,23,0.575,0.9840106595602931,1493.1251250000023
RhizAeon,0.05,5,19,45,1,5,5,1.0,1.0,0,0.0,0.9920318725099602,183.81000000000114
3SEQ,0.05,5,19,45,24,24,5,1.0,0.20833333333333334,19,0.475,0.973404255319149,1394.5757079999978
RhizAeon,0.05,5,18,45,1,5,5,1.0,1.0,0,0.0,0.9727802981205443,208.47529199999926
3SEQ,0.05,5,18,45,45,45,5,1.0,0.1111111111111111,40,1.0,0.9900133155792277,1583.2492500000014
RhizAeon,0.05,8,0,48,1,8,8,1.0,1.0,0,0.0,0.928336620644313,272.1868749999956
3SEQ,0.05,8,0,48,48,48,8,1.0,0.16666666666666666,40,1.0,0.9973351099267155,2024.118125000001
RhizAeon,0.05,8,1,48,1,8,8,1.0,1.0,0,0.0,0.9746835443037974,243.41620900000294
3SEQ,0.05,8,1,48,28,28,8,1.0,0.2857142857142857,20,0.5,0.9867021276595744,1937.8995419999967
RhizAeon,0.05,8,2,48,1,8,8,1.0,1.0,0,0.0,0.9407687460617518,250.5864580000008
3SEQ,0.05,8,2,48,48,48,8,1.0,0.16666666666666666,40,1.0,0.9814446653412856,2046.0824159999972
RhizAeon,0.05,8,3,48,1,8,8,1.0,1.0,0,0.0,0.9887491727332892,216.84262499999818
3SEQ,0.05,8,3,48,48,48,8,1.0,0.16666666666666666,40,1.0,0.9861294583883752,2040.4253330000017
RhizAeon,0.05,8,5,48,1,8,8,1.0,1.0,0,0.0,0.977348434377082,394.5229999999995
3SEQ,0.05,8,5,48,48,48,8,1.0,0.16666666666666666,40,1.0,0.9621262458471761,1741.6759580000019
RhizAeon,0.05,8,4,48,1,8,8,1.0,1.0,0,0.0,0.9561461794019933,264.54454099999936
3SEQ,0.05,8,4,48,48,48,8,1.0,0.16666666666666666,40,1.0,0.9753497668221186,2073.335374999999
RhizAeon,0.05,8,6,48,1,8,8,1.0,1.0,0,0.0,0.9765777488614183,284.255083000005
3SEQ,0.05,8,6,48,48,48,8,1.0,0.16666666666666666,40,1.0,0.9920053297801465,1786.2012080000013
RhizAeon,0.05,8,7,48,1,8,8,1.0,1.0,0,0.0,0.9773635153129161,215.62529199999858
3SEQ,0.05,8,7,48,48,48,8,1.0,0.16666666666666666,40,1.0,0.9826782145236509,1888.3867500000022
RhizAeon,0.05,8,8,48,1,8,8,1.0,1.0,0,0.0,0.9784172661870504,398.4918749999977
3SEQ,0.05,8,8,48,48,48,8,1.0,0.16666666666666666,40,1.0,0.9829508196721312,1856.4545830000015
RhizAeon,0.05,8,9,48,1,8,8,1.0,1.0,0,0.0,0.9628422425032594,257.64708300000194
3SEQ,0.05,8,9,48,48,48,8,1.0,0.16666666666666666,40,1.0,0.9873417721518988,1923.4837090000028
RhizAeon,0.05,8,10,48,1,8,8,1.0,1.0,0,0.0,0.9708029197080292,241.51441600000112
3SEQ,0.05,8,10,48,48,48,8,1.0,0.16666666666666666,40,1.0,0.9853820598006644,1937.733999999999
RhizAeon,0.05,8,11,48,1,8,8,1.0,1.0,0,0.0,0.9740428293316029,204.1818750000033
3SEQ,0.05,8,11,48,48,48,8,1.0,0.16666666666666666,40,1.0,0.984251968503937,2028.3704579999976
RhizAeon,0.05,8,14,48,1,8,8,1.0,1.0,0,0.0,0.9281914893617021,215.46570799999643
3SEQ,0.05,8,14,48,47,47,8,1.0,0.1702127659574468,39,0.975,0.9800133244503664,1778.9785840000009
RhizAeon,0.05,8,13,48,1,8,8,1.0,1.0,0,0.0,0.982973149967256,308.7113330000051
3SEQ,0.05,8,13,48,48,48,8,1.0,0.16666666666666666,40,1.0,0.9848184818481848,1916.6845000000023
RhizAeon,0.05,8,12,48,1,8,8,1.0,1.0,0,0.0,0.9788639365918098,379.8670830000006
3SEQ,0.05,8,12,48,28,28,8,1.0,0.2857142857142857,20,0.5,0.9894459102902374,2088.893417000001
RhizAeon,0.05,8,15,48,1,8,8,1.0,1.0,0,0.0,0.9470031545741325,215.32495900000015
3SEQ,0.05,8,15,48,48,48,8,1.0,0.16666666666666666,40,1.0,0.9665164198325821,1950.4977080000003
RhizAeon,0.05,8,17,48,1,8,8,1.0,1.0,0,0.0,0.935785536159601,429.46074999999695
3SEQ,0.05,8,17,48,48,48,8,1.0,0.16666666666666666,40,1.0,0.9900793650793651,1890.8991250000042
RhizAeon,0.05,8,16,48,1,8,8,1.0,1.0,0,0.0,0.9933774834437086,475.8988749999986
3SEQ,0.05,8,16,48,48,48,8,1.0,0.16666666666666666,40,1.0,0.9933554817275747,1979.7770839999985
RhizAeon,0.05,8,18,48,1,8,8,1.0,1.0,0,0.0,0.9402985074626866,265.36020799999704
3SEQ,0.05,8,18,48,46,46,8,1.0,0.17391304347826086,38,0.95,0.9835092348284961,1909.5301249999964
RhizAeon,0.05,8,19,48,1,8,8,1.0,1.0,0,0.0,0.9286624203821656,288.8950000000037
3SEQ,0.05,8,19,48,48,48,8,1.0,0.16666666666666666,40,1.0,0.9634146341463414,2248.4243339999994
RhizAeon,0.05,10,0,50,1,10,10,1.0,1.0,0,0.0,0.9297124600638977,479.78991700000506
3SEQ,0.05,10,0,50,50,50,10,1.0,0.2,40,1.0,0.9740173217854764,2091.0092920000025
RhizAeon,0.05,10,1,50,1,10,10,1.0,1.0,0,0.0,0.9790438768827767,333.87966699999794
3SEQ,0.05,10,1,50,50,50,10,1.0,0.2,40,1.0,0.9933818663136995,2283.859041999996
RhizAeon,0.05,10,2,50,1,10,10,1.0,1.0,0,0.0,0.941808981657179,336.0667500000005
3SEQ,0.05,10,2,50,50,50,10,1.0,0.2,40,1.0,0.9753497668221186,2217.6482499999966
RhizAeon,0.05,10,3,50,1,10,10,1.0,1.0,0,0.0,0.967139175257732,253.85199999999486
3SEQ,0.05,10,3,50,47,47,10,1.0,0.2127659574468085,37,0.925,0.9841897233201581,2288.7771669999993
RhizAeon,0.05,10,4,50,1,10,10,1.0,1.0,0,0.0,0.9933466400532269,544.8097499999989
3SEQ,0.05,10,4,50,50,50,10,1.0,0.2,40,1.0,0.9940278699402787,1954.0963329999954
RhizAeon,0.05,10,6,50,1,10,10,1.0,1.0,0,0.0,0.9927200529450695,212.9578340000009
3SEQ,0.05,10,6,50,50,50,10,1.0,0.2,40,1.0,0.9881266490765171,2113.3860000000054
RhizAeon,0.05,10,5,50,1,10,10,1.0,1.0,0,0.0,0.9654714475431607,550.9169159999985
3SEQ,0.05,10,5,50,50,50,10,1.0,0.2,40,1.0,0.9953364423717521,2026.261374999997
RhizAeon,0.05,10,7,50,1,10,10,1.0,1.0,0,0.0,0.8943236714975845,238.52466599999644
3SEQ,0.05,10,7,50,50,50,10,1.0,0.2,40,1.0,0.9809586342744583,2055.103000000003
RhizAeon,0.05,10,8,50,1,10,10,1.0,1.0,0,0.0,0.9614882506527415,257.6796250000015
3SEQ,0.05,10,8,50,50,50,10,1.0,0.2,40,1.0,0.9854785478547855,2034.9533750000005
RhizAeon,0.05,10,11,50,1,10,10,1.0,1.0,0,0.0,0.9640102827763496,260.3884580000013
3SEQ,0.05,10,11,50,50,50,10,1.0,0.2,40,1.0,0.9862023653088042,1928.419583
RhizAeon,0.05,10,9,50,1,10,10,1.0,1.0,0,0.0,0.967139175257732,290.08795800000087
3SEQ,0.05,10,9,50,50,50,10,1.0,0.2,40,1.0,0.9789335088874259,2126.028208000001
RhizAeon,0.05,10,10,50,1,10,10,1.0,1.0,0,0.0,0.9793471019320453,286.9475410000035
3SEQ,0.05,10,10,50,50,50,10,1.0,0.2,40,1.0,0.9893617021276596,2121.1039169999995
RhizAeon,0.05,10,12,50,1,10,10,1.0,1.0,0,0.0,0.9810457516339869,308.4602079999996
3SEQ,0.05,10,12,50,50,50,10,1.0,0.2,40,1.0,0.9920687376074026,2215.2389580000004
RhizAeon,0.05,10,15,50,1,10,10,1.0,1.0,0,0.0,0.9657622739018088,239.22587500000247
3SEQ,0.05,10,15,50,50,50,10,1.0,0.2,40,1.0,0.9734111543450065,1988.1103750000052
RhizAeon,0.05,10,14,50,1,10,10,1.0,1.0,0,0.0,0.9780585106382979,257.7398749999986
3SEQ,0.05,10,14,50,50,50,10,1.0,0.2,40,1.0,0.9940199335548173,2098.7347080000022
RhizAeon,0.05,10,13,50,1,10,10,1.0,1.0,0,0.0,0.9643551523007129,312.55033299999724
3SEQ,0.05,10,13,50,49,49,10,1.0,0.20408163265306123,39,0.975,0.9784876140808344,2209.3498329999975
RhizAeon,0.05,10,16,50,1,10,10,1.0,1.0,0,0.0,0.986046511627907,342.1115419999978
3SEQ,0.05,10,16,50,50,50,10,1.0,0.2,40,1.0,0.9806795469686875,2174.0606659999953
RhizAeon,0.05,10,18,50,1,10,10,1.0,1.0,0,0.0,0.9829619921363041,280.7125420000034
3SEQ,0.05,10,18,50,50,50,10,1.0,0.2,40,1.0,0.9881422924901185,2234.8946660000024
RhizAeon,0.05,10,19,50,1,10,10,1.0,1.0,0,0.0,0.9847682119205298,234.50499999999863
3SEQ,0.05,10,19,50,49,49,10,1.0,0.20408163265306123,39,0.975,0.9913391072618255,2262.8894580000037
RhizAeon,0.05,10,17,50,1,10,10,1.0,1.0,0,0.0,0.931454196028187,380.825999999999
3SEQ,0.05,10,17,50,49,49,10,1.0,0.20408163265306123,39,0.975,0.979564930784443,2382.476375000003
RhizAeon,0.05,15,0,55,1,15,15,1.0,1.0,0,0.0,0.9810457516339869,638.3727920000056
3SEQ,0.05,15,0,55,54,54,15,1.0,0.2777777777777778,39,0.975,0.9966733200266135,2761.144541999997
RhizAeon,0.05,15,3,55,1,15,15,1.0,1.0,0,0.0,0.95,330.2432500000023
3SEQ,0.05,15,3,55,55,55,15,1.0,0.2727272727272727,40,1.0,0.998003992015968,2803.464499999997
RhizAeon,0.05,15,2,55,1,15,15,1.0,1.0,0,0.0,0.9953550099535501,468.1383339999954
3SEQ,0.05,15,2,55,55,55,15,1.0,0.2727272727272727,40,1.0,0.9913391072618255,2892.6967080000027
RhizAeon,0.05,15,1,55,1,15,15,1.0,1.0,0,0.0,0.9279336734693877,505.7659579999978
3SEQ,0.05,15,1,55,55,55,15,1.0,0.2727272727272727,40,1.0,0.983344437041972,3018.045749999999
RhizAeon,0.05,15,7,55,1,15,15,1.0,1.0,0,0.0,0.9960185799601858,394.53195800000174
3SEQ,0.05,15,7,55,55,55,15,1.0,0.2727272727272727,40,1.0,0.9328311362209667,2698.012833
RhizAeon,0.05,15,4,55,1,15,15,1.0,1.0,0,0.0,0.9914134742404227,597.8927080000034
3SEQ,0.05,15,4,55,55,55,15,1.0,0.2727272727272727,40,1.0,0.9933377748167888,2915.799
RhizAeon,0.05,15,5,55,1,15,15,1.0,1.0,0,0.0,0.9777777777777777,503.89437499999445
3SEQ,0.05,15,5,55,55,55,15,1.0,0.2727272727272727,40,1.0,0.9727936297279363,3005.436415999995
RhizAeon,0.05,15,6,55,1,15,15,1.0,1.0,0,0.0,0.9855548260013132,547.4506249999962
3SEQ,0.05,15,6,55,55,55,15,1.0,0.2727272727272727,40,1.0,0.9704724409448819,3003.9389159999955
RhizAeon,0.05,15,11,55,1,15,15,1.0,1.0,0,0.0,0.9760159893404398,387.18000000000075
3SEQ,0.05,15,11,55,55,55,15,1.0,0.2727272727272727,40,1.0,0.9768365320979484,2722.612749999996
RhizAeon,0.05,15,8,55,1,15,15,1.0,1.0,0,0.0,0.9493991144845034,498.6825840000009
3SEQ,0.05,15,8,55,35,35,15,1.0,0.42857142857142855,20,0.5,0.9986675549633578,2931.912707999999
RhizAeon,0.05,15,9,55,1,15,15,1.0,1.0,0,0.0,0.9927248677248677,421.64120799999694
3SEQ,0.05,15,9,55,55,55,15,1.0,0.2727272727272727,40,1.0,0.9946702198534311,3059.7594580000023
RhizAeon,0.05,15,10,55,1,15,15,1.0,1.0,0,0.0,0.9933510638297872,399.0456670000029
3SEQ,0.05,15,10,55,55,55,15,1.0,0.2727272727272727,40,1.0,0.9900066622251832,3122.9155000000046
RhizAeon,0.05,15,12,55,1,15,15,1.0,1.0,0,0.0,0.9920687376074026,527.3169580000001
3SEQ,0.05,15,12,55,55,55,15,1.0,0.2727272727272727,40,1.0,0.9753989361702128,2811.7038749999992
RhizAeon,0.05,15,13,55,1,15,15,1.0,1.0,0,0.0,0.9784876140808344,492.98533399999656
3SEQ,0.05,15,13,55,55,55,15,1.0,0.2727272727272727,40,1.0,0.9618421052631579,2792.6472910000016
RhizAeon,0.05,15,14,55,1,15,15,1.0,1.0,0,0.0,0.9765777488614183,442.02408400000337
3SEQ,0.05,15,14,55,55,55,15,1.0,0.2727272727272727,40,1.0,0.9953426480372588,2937.777415999996
RhizAeon,0.05,15,15,55,1,15,15,1.0,1.0,0,0.0,0.9570957095709571,394.0310420000017
3SEQ,0.05,15,15,55,55,55,15,1.0,0.2727272727272727,40,1.0,0.972018654230513,2972.2650420000036
RhizAeon,0.1,2,0,42,1,2,2,1.0,1.0,0,0.0,0.9873417721518988,160.49937500000055
3SEQ,0.1,2,0,42,42,42,2,1.0,0.047619047619047616,40,1.0,0.9966711051930759,1501.2622089999966
RhizAeon,0.1,2,1,42,2,5,2,1.0,0.6666666666666666,1,0.025,0.9900066622251832,283.36558299999837
3SEQ,0.1,2,1,42,41,41,2,1.0,0.04878048780487805,39,0.975,0.9953364423717521,1423.5373750000022
RhizAeon,0.1,2,2,42,1,2,2,1.0,1.0,0,0.0,0.9940039973351099,208.21674999999829
3SEQ,0.1,2,2,42,42,42,2,1.0,0.047619047619047616,40,1.0,0.9960159362549801,1385.9524169999986
RhizAeon,0.1,2,3,42,2,11,2,1.0,0.2222222222222222,7,0.175,0.9920582395764395,129.65520800000263
3SEQ,0.1,2,3,42,24,24,2,1.0,0.08333333333333333,22,0.55,0.9980026631158455,1417.681250000001
RhizAeon,0.05,15,16,55,1,15,15,1.0,1.0,0,0.0,0.9907407407407407,329.09691599999746
3SEQ,0.05,15,16,55,55,55,15,1.0,0.2727272727272727,40,1.0,0.9920687376074026,2880.9794590000024
RhizAeon,0.05,15,17,55,1,15,15,1.0,1.0,0,0.0,0.9,461.6169170000006
3SEQ,0.05,15,17,55,55,55,15,1.0,0.2727272727272727,40,1.0,0.9840106595602931,2914.9077499999976
RhizAeon,0.05,15,19,55,1,15,15,1.0,1.0,0,0.0,0.9478203434610304,388.35508300000043
3SEQ,0.05,15,19,55,55,55,15,1.0,0.2727272727272727,40,1.0,0.978014656895403,2932.3141249999976
RhizAeon,0.05,15,18,55,1,15,15,1.0,1.0,0,0.0,0.988793671720501,400.82295900000275
3SEQ,0.05,15,18,55,55,55,15,1.0,0.2727272727272727,40,1.0,0.9980013324450366,3256.788624999999
RhizAeon,0.1,2,4,42,1,2,2,1.0,1.0,0,0.0,0.9820119920053297,137.90787500000334
3SEQ,0.1,2,4,42,42,42,2,1.0,0.047619047619047616,40,1.0,0.9940039973351099,1676.5573329999982
RhizAeon,0.1,2,5,42,1,2,2,1.0,1.0,0,0.0,0.9887267904509284,173.6026250000009
3SEQ,0.1,2,5,42,42,42,2,1.0,0.047619047619047616,40,1.0,0.9966733200266135,1579.440874999996
RhizAeon,0.1,2,6,42,1,2,2,1.0,1.0,0,0.0,0.9940039973351099,346.1460830000007
3SEQ,0.1,2,6,42,42,42,2,1.0,0.047619047619047616,40,1.0,0.9973386560212908,1441.8338750000003
RhizAeon,0.1,2,7,42,1,2,2,1.0,1.0,0,0.0,0.9920371599203716,238.97674999999907
3SEQ,0.1,2,7,42,23,23,2,1.0,0.08695652173913043,21,0.525,0.9914134742404227,1504.4327920000028
RhizAeon,0.1,2,9,42,1,2,2,1.0,1.0,0,0.0,0.9846768820786143,132.69108400000107
3SEQ,0.1,2,9,42,41,41,2,1.0,0.04878048780487805,39,0.975,0.9853917662682603,1455.016125
RhizAeon,0.1,2,8,42,1,2,2,1.0,1.0,0,0.0,0.988674217188541,199.92691600000256
3SEQ,0.1,2,8,42,22,22,2,1.0,0.09090909090909091,20,0.5,0.9835092348284961,1491.364040999997
RhizAeon,0.1,2,10,42,1,2,2,1.0,1.0,0,0.0,0.9953519256308101,129.08608400000077
3SEQ,0.1,2,10,42,42,42,2,1.0,0.047619047619047616,40,1.0,0.9960026648900733,1579.9098749999985
RhizAeon,0.1,2,11,42,1,2,2,1.0,1.0,0,0.0,0.9603896103896103,134.97779200000082
3SEQ,0.1,2,11,42,40,40,2,1.0,0.05,38,0.95,0.9867899603698811,1531.7036659999985
RhizAeon,0.1,2,12,42,1,2,2,1.0,1.0,0,0.0,0.9940039973351099,135.67450000000036
3SEQ,0.1,2,12,42,39,39,2,1.0,0.05128205128205128,37,0.925,0.9920053297801465,1553.3539170000026
RhizAeon,0.1,2,13,42,2,24,2,1.0,0.09090909090909091,20,0.5,0.9571150097465887,134.45141700000107
3SEQ,0.1,2,13,42,42,42,2,1.0,0.047619047619047616,40,1.0,0.9926715522984677,1525.4587089999986
RhizAeon,0.1,2,15,42,1,2,2,1.0,1.0,0,0.0,0.9927248677248677,306.2135409999982
3SEQ,0.1,2,15,42,42,42,2,1.0,0.047619047619047616,40,1.0,0.991407799074686,1423.3288329999993
RhizAeon,0.1,2,14,42,1,2,2,1.0,1.0,0,0.0,0.9666666666666667,366.3368750000018
3SEQ,0.1,2,14,42,42,42,2,1.0,0.047619047619047616,40,1.0,0.9834546657842489,1464.3425840000007
RhizAeon,0.1,2,16,42,1,2,2,1.0,1.0,0,0.0,0.9846768820786143,408.21683299999734
3SEQ,0.1,2,16,42,22,22,2,1.0,0.09090909090909091,20,0.5,0.9881031064111038,1413.9888750000011
RhizAeon,0.1,2,17,42,2,4,2,1.0,1.0,0,0.0,0.9900727994705493,133.1112499999989
3SEQ,0.1,2,17,42,22,22,2,1.0,0.09090909090909091,20,0.5,0.9946702198534311,1455.2868749999989
RhizAeon,0.1,2,18,42,1,2,2,1.0,1.0,0,0.0,0.9380413057961359,143.41487499999772
3SEQ,0.1,2,18,42,41,41,2,1.0,0.04878048780487805,39,0.975,0.9873417721518988,1510.4148329999987
RhizAeon,0.1,2,19,42,1,2,2,1.0,1.0,0,0.0,0.9953364423717521,135.47608300000036
3SEQ,0.1,2,19,42,42,42,2,1.0,0.047619047619047616,40,1.0,0.9914134742404227,1498.2225000000042
RhizAeon,0.1,5,0,45,1,5,5,1.0,1.0,0,0.0,0.9960026648900733,172.77708299999972
3SEQ,0.1,5,0,45,45,45,5,1.0,0.1111111111111111,40,1.0,0.9966799468791501,2013.356291000001
RhizAeon,0.1,5,1,45,1,5,5,1.0,1.0,0,0.0,0.9240506329113924,179.13399999999768
3SEQ,0.1,5,1,45,43,43,5,1.0,0.11627906976744186,38,0.95,0.9866755496335776,2040.1895420000003
RhizAeon,0.1,5,2,45,1,5,5,1.0,1.0,0,0.0,0.986101919258769,254.02000000000413
3SEQ,0.1,5,2,45,44,44,5,1.0,0.11363636363636363,39,0.975,0.9960026648900733,1773.8072089999973
RhizAeon,0.1,5,3,45,1,5,5,1.0,1.0,0,0.0,0.9946702198534311,183.4020840000008
3SEQ,0.1,5,3,45,45,45,5,1.0,0.1111111111111111,40,1.0,0.9920529801324504,1886.2207079999962
RhizAeon,0.1,5,4,45,1,5,5,1.0,1.0,0,0.0,0.950033311125916,339.00854200000197
3SEQ,0.1,5,4,45,45,45,5,1.0,0.1111111111111111,40,1.0,0.9906728847435043,1935.0618750000024
RhizAeon,0.1,5,7,45,1,5,5,1.0,1.0,0,0.0,0.986101919258769,156.9424159999997
3SEQ,0.1,5,7,45,45,45,5,1.0,0.1111111111111111,40,1.0,0.9953488372093023,1791.0482079999995
RhizAeon,0.1,5,5,45,1,5,5,1.0,1.0,0,0.0,0.9920053297801465,323.206208000002
3SEQ,0.1,5,5,45,45,45,5,1.0,0.1111111111111111,40,1.0,0.9946737683089214,1970.5371659999996
RhizAeon,0.1,5,6,45,1,5,5,1.0,1.0,0,0.0,0.9913850231941683,192.23341700000418
3SEQ,0.1,5,6,45,45,45,5,1.0,0.1111111111111111,40,1.0,0.9933422103861518,1989.4613330000013
RhizAeon,0.1,5,8,45,1,5,5,1.0,1.0,0,0.0,0.9772135416666666,167.39141600000096
3SEQ,0.1,5,8,45,45,45,5,1.0,0.1111111111111111,40,1.0,0.9901055408970977,1924.707542
RhizAeon,0.1,5,9,45,1,5,5,1.0,1.0,0,0.0,0.977348434377082,175.91429200000164
3SEQ,0.1,5,9,45,45,45,5,1.0,0.1111111111111111,40,1.0,0.9980013324450366,1870.0235829999983
RhizAeon,0.1,5,10,45,1,5,5,1.0,1.0,0,0.0,0.9894039735099338,187.44112499999943
3SEQ,0.1,5,10,45,45,45,5,1.0,0.1111111111111111,40,1.0,0.9960026648900733,1903.840916
RhizAeon,0.1,5,11,45,1,5,5,1.0,1.0,0,0.0,0.9738562091503268,173.89295800000326
3SEQ,0.1,5,11,45,45,45,5,1.0,0.1111111111111111,40,1.0,0.9901055408970977,1947.2419579999994
RhizAeon,0.1,5,13,45,1,5,5,1.0,1.0,0,0.0,0.9880079946702198,242.17949999999888
3SEQ,0.1,5,13,45,45,45,5,1.0,0.1111111111111111,40,1.0,0.9887193098871931,1805.2726250000005
RhizAeon,0.1,5,12,45,1,5,5,1.0,1.0,0,0.0,0.9847277556440903,320.3037500000008
3SEQ,0.1,5,12,45,45,45,5,1.0,0.1111111111111111,40,1.0,0.9940039973351099,1888.6574169999974
RhizAeon,0.1,5,15,45,1,5,5,1.0,1.0,0,0.0,0.9806795469686875,170.14925000000147
3SEQ,0.1,5,15,45,45,45,5,1.0,0.1111111111111111,40,1.0,0.9887118193891102,1901.8358340000034
RhizAeon,0.1,5,14,45,1,5,5,1.0,1.0,0,0.0,0.9986693280106453,291.4375829999969
3SEQ,0.1,5,14,45,45,45,5,1.0,0.1111111111111111,40,1.0,0.9973386560212908,2060.350999999997
RhizAeon,0.1,5,16,45,1,5,5,1.0,1.0,0,0.0,0.9927248677248677,193.5320000000047
3SEQ,0.1,5,16,45,45,45,5,1.0,0.1111111111111111,40,1.0,0.9860650298606503,1959.635666000004
RhizAeon,0.1,5,17,45,1,5,5,1.0,1.0,0,0.0,0.9860093271152565,164.6216669999987
3SEQ,0.1,5,17,45,45,45,5,1.0,0.1111111111111111,40,1.0,0.9873417721518988,2029.0704589999962
RhizAeon,0.1,5,18,45,1,5,5,1.0,1.0,0,0.0,0.9946702198534311,182.90420799999652
3SEQ,0.1,5,18,45,45,45,5,1.0,0.1111111111111111,40,1.0,0.9940397350993377,1965.0550000000067
RhizAeon,0.1,5,19,45,1,5,5,1.0,1.0,0,0.0,1.0,181.1129170000001
3SEQ,0.1,5,19,45,45,45,5,1.0,0.1111111111111111,40,1.0,0.9966755319148937,2079.6360840000007
RhizAeon,0.1,8,0,48,1,8,8,1.0,1.0,0,0.0,0.9880079946702198,340.6267499999984
3SEQ,0.1,8,0,48,48,48,8,1.0,0.16666666666666666,40,1.0,0.9893546240851631,2333.2844169999944
RhizAeon,0.1,8,1,48,1,8,8,1.0,1.0,0,0.0,0.9887640449438202,309.6529170000011
3SEQ,0.1,8,1,48,48,48,8,1.0,0.16666666666666666,40,1.0,0.9933422103861518,2450.2781670000077
RhizAeon,0.1,8,2,48,1,8,8,1.0,1.0,0,0.0,0.9940039973351099,278.63645899999767
3SEQ,0.1,8,2,48,48,48,8,1.0,0.16666666666666666,40,1.0,0.9940119760479041,2405.815790999995
RhizAeon,0.1,8,3,48,1,8,8,1.0,1.0,0,0.0,0.9820119920053297,219.0113750000009
3SEQ,0.1,8,3,48,48,48,8,1.0,0.16666666666666666,40,1.0,0.9926715522984677,2523.651167000004
RhizAeon,0.1,8,4,48,1,8,8,1.0,1.0,0,0.0,0.966931216931217,314.6924169999892
3SEQ,0.1,8,4,48,48,48,8,1.0,0.16666666666666666,40,1.0,0.9793608521970706,2421.0429589999903
RhizAeon,0.1,8,5,48,1,8,8,1.0,1.0,0,0.0,0.9953580901856764,229.45533399999363
3SEQ,0.1,8,5,48,48,48,8,1.0,0.16666666666666666,40,1.0,0.9853626081170991,2582.7663749999915
RhizAeon,0.1,8,6,48,1,8,8,1.0,1.0,0,0.0,0.9826782145236509,231.34212500001183
3SEQ,0.1,8,6,48,48,48,8,1.0,0.16666666666666666,40,1.0,0.9906976744186047,2559.0526659999996
RhizAeon,0.1,8,7,48,1,8,8,1.0,1.0,0,0.0,0.9802110817941952,219.41045900000233
3SEQ,0.1,8,7,48,48,48,8,1.0,0.16666666666666666,40,1.0,0.9927007299270073,2626.8906250000014
RhizAeon,0.1,8,8,48,1,8,8,1.0,1.0,0,0.0,0.9914134742404227,486.4353339999923
3SEQ,0.1,8,8,48,48,48,8,1.0,0.16666666666666666,40,1.0,0.9933422103861518,2411.0483329999965
RhizAeon,0.1,8,9,48,1,8,8,1.0,1.0,0,0.0,0.9740173217854764,397.46241699999985
3SEQ,0.1,8,9,48,48,48,8,1.0,0.16666666666666666,40,1.0,0.9940039973351099,2474.2953330000005
RhizAeon,0.1,8,10,48,1,8,8,1.0,1.0,0,0.0,0.9966777408637874,272.42966600000784
3SEQ,0.1,8,10,48,48,48,8,1.0,0.16666666666666666,40,1.0,0.9887714663143989,2545.389166999996
RhizAeon,0.1,8,11,48,1,8,8,1.0,1.0,0,0.0,0.988704318936877,231.8972919999993
3SEQ,0.1,8,11,48,48,48,8,1.0,0.16666666666666666,40,1.0,0.9993342210386151,2606.079833999999
RhizAeon,0.1,8,12,48,1,8,8,1.0,1.0,0,0.0,0.9753497668221186,231.01504100000625
3SEQ,0.1,8,12,48,48,48,8,1.0,0.16666666666666666,40,1.0,0.9854014598540146,2636.4244170000006
RhizAeon,0.1,8,13,48,1,8,8,1.0,1.0,0,0.0,0.978014656895403,345.9363329999974
3SEQ,0.1,8,13,48,48,48,8,1.0,0.16666666666666666,40,1.0,0.988674217188541,2547.7007080000076
RhizAeon,0.1,8,15,48,1,8,8,1.0,1.0,0,0.0,0.992676431424767,212.8847920000112
3SEQ,0.1,8,15,48,48,48,8,1.0,0.16666666666666666,40,1.0,0.9893404397068621,2369.5652089999867
RhizAeon,0.1,8,14,48,1,8,8,1.0,1.0,0,0.0,0.961436170212766,321.255457999996
3SEQ,0.1,8,14,48,48,48,8,1.0,0.16666666666666666,40,1.0,0.9940039973351099,2607.447291999989
RhizAeon,0.1,8,16,48,1,8,8,1.0,1.0,0,0.0,0.97761685319289,307.65779200000054
3SEQ,0.1,8,16,48,48,48,8,1.0,0.16666666666666666,40,1.0,0.9960026648900733,2368.3987919999936
RhizAeon,0.1,8,18,48,1,8,8,1.0,1.0,0,0.0,0.9800133244503664,267.5132079999969
3SEQ,0.1,8,18,48,48,48,8,1.0,0.16666666666666666,40,1.0,0.9900133155792277,2230.939792000001
RhizAeon,0.1,8,17,48,1,8,8,1.0,1.0,0,0.0,0.9853431045969354,306.0092089999955
3SEQ,0.1,8,17,48,48,48,8,1.0,0.16666666666666666,40,1.0,0.9913506320691949,2414.5167499999898
RhizAeon,0.1,8,19,48,1,8,8,1.0,1.0,0,0.0,0.9973368841544608,235.33824999999808
3SEQ,0.1,8,19,48,48,48,8,1.0,0.16666666666666666,40,1.0,0.9986675549633578,2482.265667000007
RhizAeon,0.1,10,0,50,1,10,10,1.0,1.0,0,0.0,0.9946879150066401,339.8137500000047
3SEQ,0.1,10,0,50,50,50,10,1.0,0.2,40,1.0,0.9940397350993377,2764.4310409999944
RhizAeon,0.1,10,1,50,1,10,10,1.0,1.0,0,0.0,0.9491749174917492,248.07608399999026
3SEQ,0.1,10,1,50,50,50,10,1.0,0.2,40,1.0,0.9860650298606503,2736.988915999987
RhizAeon,0.1,10,3,50,1,10,10,1.0,1.0,0,0.0,0.9803921568627451,242.51920800000448
3SEQ,0.1,10,3,50,50,50,10,1.0,0.2,40,1.0,0.9920687376074026,2632.727083000006
RhizAeon,0.1,10,2,50,1,10,10,1.0,1.0,0,0.0,0.9980053191489362,261.6952079999919
3SEQ,0.1,10,2,50,50,50,10,1.0,0.2,40,1.0,0.9960185799601858,2826.929207999996
RhizAeon,0.1,10,4,50,1,10,10,1.0,1.0,0,0.0,0.9725848563968669,286.09070799998904
3SEQ,0.1,10,4,50,50,50,10,1.0,0.2,40,1.0,0.9846768820786143,2719.6506249999998
RhizAeon,0.1,10,5,50,1,10,10,1.0,1.0,0,0.0,0.9960159362549801,259.3101670000095
3SEQ,0.1,10,5,50,50,50,10,1.0,0.2,40,1.0,0.9888010540184453,2828.1971250000024
RhizAeon,0.1,10,6,50,1,10,10,1.0,1.0,0,0.0,0.9926813040585496,252.14737499999273
3SEQ,0.1,10,6,50,50,50,10,1.0,0.2,40,1.0,0.9913563829787234,2765.9886249999913
RhizAeon,0.1,10,7,50,1,10,10,1.0,1.0,0,0.0,0.9933774834437086,249.41825000000506
3SEQ,0.1,10,7,50,50,50,10,1.0,0.2,40,1.0,0.9966799468791501,2797.95974999999
RhizAeon,0.1,10,9,50,1,10,10,1.0,1.0,0,0.0,0.9966799468791501,252.6843330000048
3SEQ,0.1,10,9,50,50,50,10,1.0,0.2,40,1.0,0.9980026631158455,2672.6582499999977
RhizAeon,0.1,10,8,50,1,10,10,1.0,1.0,0,0.0,0.9633577614923384,292.3232079999991
3SEQ,0.1,10,8,50,50,50,10,1.0,0.2,40,1.0,0.9980053191489362,2805.3424169999917
RhizAeon,0.1,10,10,50,1,10,10,1.0,1.0,0,0.0,0.9933510638297872,281.7179999999979
3SEQ,0.1,10,10,50,50,50,10,1.0,0.2,40,1.0,0.9914134742404227,2834.1101250000092
RhizAeon,0.1,10,11,50,1,10,10,1.0,1.0,0,0.0,0.9786808794137242,245.3766250000058
3SEQ,0.1,10,11,50,50,50,10,1.0,0.2,40,1.0,0.9815546772068511,2905.2592919999965
RhizAeon,0.1,10,12,50,1,10,10,1.0,1.0,0,0.0,0.9854208084824387,357.0242919999913
3SEQ,0.1,10,12,50,50,50,10,1.0,0.2,40,1.0,0.9960079840319361,2619.744792000006
RhizAeon,0.1,10,13,50,1,10,10,1.0,1.0,0,0.0,0.9953364423717521,412.6546660000088
3SEQ,0.1,10,13,50,50,50,10,1.0,0.2,40,1.0,0.9946984758117959,2675.2010000000014
RhizAeon,0.1,10,14,50,1,10,10,1.0,1.0,0,0.0,0.982860909690178,284.03820799999835
3SEQ,0.1,10,14,50,50,50,10,1.0,0.2,40,1.0,0.998003992015968,2839.0321669999994
RhizAeon,0.1,10,15,50,1,10,10,1.0,1.0,0,0.0,0.9569408740359897,261.9432500000016
3SEQ,0.1,10,15,50,50,50,10,1.0,0.2,40,1.0,0.9881266490765171,2827.477665999993
RhizAeon,0.1,10,17,50,1,10,10,1.0,1.0,0,0.0,0.9940039973351099,253.2063330000085
3SEQ,0.1,10,17,50,50,50,10,1.0,0.2,40,1.0,0.9946879150066401,2822.613292
RhizAeon,0.1,10,16,50,1,10,10,1.0,1.0,0,0.0,0.9933377748167888,389.6032499999933
3SEQ,0.1,10,16,50,50,50,10,1.0,0.2,40,1.0,0.9873417721518988,2767.681207999999
RhizAeon,0.1,10,18,50,1,10,10,1.0,1.0,0,0.0,0.9946914399469144,266.77349999999933
3SEQ,0.1,10,18,50,50,50,10,1.0,0.2,40,1.0,0.9980026631158455,2856.708166000004
RhizAeon,0.1,10,19,50,1,10,10,1.0,1.0,0,0.0,0.9966688874083944,265.42587500000536
3SEQ,0.1,10,19,50,50,50,10,1.0,0.2,40,1.0,0.9946984758117959,2905.502999999996
RhizAeon,0.1,15,0,55,1,15,15,1.0,1.0,0,0.0,0.9900066622251832,462.313041999991
3SEQ,0.1,15,0,55,55,55,15,1.0,0.2727272727272727,40,1.0,0.9920053297801465,3693.1581249999963
RhizAeon,0.1,15,2,55,1,15,15,1.0,1.0,0,0.0,0.9966799468791501,462.6337920000054
3SEQ,0.1,15,2,55,55,55,15,1.0,0.2727272727272727,40,1.0,0.9926715522984677,3794.570041
RhizAeon,0.1,15,1,55,1,15,15,1.0,1.0,0,0.0,0.9804049640757675,469.2842500000012
3SEQ,0.1,15,1,55,55,55,15,1.0,0.2727272727272727,40,1.0,0.9862023653088042,3948.3649170000062
RhizAeon,0.1,15,3,55,1,15,15,1.0,1.0,0,0.0,0.986728599867286,435.54433300000994
3SEQ,0.1,15,3,55,55,55,15,1.0,0.2727272727272727,40,1.0,0.9906728847435043,3887.6100419999916
RhizAeon,0.1,15,6,55,1,15,15,1.0,1.0,0,0.0,0.9888010540184453,451.93470899999966
3SEQ,0.1,15,6,55,55,55,15,1.0,0.2727272727272727,40,1.0,0.9946984758117959,3777.0477499999943
RhizAeon,0.1,15,5,55,1,15,15,1.0,1.0,0,0.0,0.9733510992671552,447.4942500000054
3SEQ,0.1,15,5,55,55,55,15,1.0,0.2727272727272727,40,1.0,0.9920053297801465,3868.4444590000026
RhizAeon,0.1,15,4,55,1,15,15,1.0,1.0,0,0.0,0.9846768820786143,555.6269160000085
3SEQ,0.1,15,4,55,55,55,15,1.0,0.2727272727272727,40,1.0,0.9900066622251832,3963.7324169999883
RhizAeon,0.1,15,7,55,1,15,15,1.0,1.0,0,0.0,0.9920265780730897,446.53325000000166
3SEQ,0.1,15,7,55,55,55,15,1.0,0.2727272727272727,40,1.0,0.9946843853820598,3898.251958000003
RhizAeon,0.1,15,8,55,1,15,15,1.0,1.0,0,0.0,0.9651387992253067,408.2163750000092
3SEQ,0.1,15,8,55,55,55,15,1.0,0.2727272727272727,40,1.0,0.9888010540184453,3891.0541249999965
RhizAeon,0.1,15,9,55,1,15,15,1.0,1.0,0,0.0,0.9960026648900733,404.41862500000525
3SEQ,0.1,15,9,55,55,55,15,1.0,0.2727272727272727,40,1.0,0.9933730947647449,3760.5134580000054
RhizAeon,0.1,15,10,55,1,15,15,1.0,1.0,0,0.0,0.9842622950819672,399.797042000003
3SEQ,0.1,15,10,55,55,55,15,1.0,0.2727272727272727,40,1.0,0.9933377748167888,3840.8917500000116
RhizAeon,0.1,15,11,55,1,15,15,1.0,1.0,0,0.0,0.9973351099267155,383.9320829999906
3SEQ,0.1,15,11,55,55,55,15,1.0,0.2727272727272727,40,1.0,0.9690177982860909,3893.1915829999894
RhizAeon,0.1,15,12,55,1,15,15,1.0,1.0,0,0.0,0.9828834759710335,583.7161659999879
3SEQ,0.1,15,12,55,55,55,15,1.0,0.2727272727272727,40,1.0,0.9953426480372588,3601.751374999992
RhizAeon,0.1,15,14,55,1,15,15,1.0,1.0,0,0.0,0.9715210355987055,435.70545800000104
3SEQ,0.1,15,14,55,55,55,15,1.0,0.2727272727272727,40,1.0,0.9933818663136995,3661.4922920000054
RhizAeon,0.1,15,15,55,1,15,15,1.0,1.0,0,0.0,0.9814814814814815,413.2457919999979
3SEQ,0.1,15,15,55,55,55,15,1.0,0.2727272727272727,40,1.0,0.9907529722589168,3639.943875
RhizAeon,0.1,15,13,55,1,15,15,1.0,1.0,0,0.0,0.9846768820786143,497.755834000003
3SEQ,0.1,15,13,55,55,55,15,1.0,0.2727272727272727,40,1.0,0.9900066622251832,3811.683708000004
RhizAeon,0.1,15,16,55,1,15,15,1.0,1.0,0,0.0,0.9797650130548303,412.15745800001
3SEQ,0.1,15,16,55,55,55,15,1.0,0.2727272727272727,40,1.0,0.9946879150066401,3673.5399159999956
RhizAeon,0.1,15,18,55,1,15,15,1.0,1.0,0,0.0,0.9733688415446072,425.65354100000263
3SEQ,0.1,15,18,55,55,55,15,1.0,0.2727272727272727,40,1.0,0.9786808794137242,3376.452
RhizAeon,0.1,15,17,55,1,15,15,1.0,1.0,0,0.0,0.9790849673202614,444.15295800000365
3SEQ,0.1,15,17,55,55,55,15,1.0,0.2727272727272727,40,1.0,0.9946737683089214,3510.196792000002
RhizAeon,0.1,15,19,55,1,15,15,1.0,1.0,0,0.0,0.9920687376074026,388.0307090000059
3SEQ,0.1,15,19,55,55,55,15,1.0,0.2727272727272727,40,1.0,1.0,3518.179915999994
