scenario_id,category,theta,rho,alpha,n_reps,mean_partitions,mean_K_true,mean_K_hat,detection_pct,mean_rf1,mean_ppv,mean_tpr,mean_s_triad,mean_j_snp,mean_runtime_ms
power_theta10_rho0,power,10.0,0.0,,100,1.0,0.0,0.0,0.0,1.0,1.0,1.0,1.0,1.0,12.99
power_theta10_rho1,power,10.0,1.0,,100,3.95,0.83,0.04,3.0,0.5486,0.5499,0.548,0.5505,0.5644,10.37
power_theta10_rho4,power,10.0,4.0,,100,12.17,3.71,0.11,10.0,0.2085,0.239,0.2017,0.2413,0.2763,12.22
power_theta10_rho16,power,10.0,16.0,,100,45.19,11.06,0.24,23.0,0.0178,0.0647,0.0113,0.0831,0.1456,17.92
power_theta10_rho64,power,10.0,64.0,,100,157.22,25.97,0.01,1.0,0.0005,0.0071,0.0003,0.0081,0.0088,21.83
power_theta50_rho0,power,50.0,0.0,,100,1.0,0.0,0.0,0.0,1.0,1.0,1.0,1.0,1.0,16.85
power_theta50_rho1,power,50.0,1.0,,100,3.92,1.56,0.27,22.0,0.4799,0.5317,0.4658,0.543,0.5834,15.02
power_theta50_rho4,power,50.0,4.0,,100,12.37,5.11,0.78,48.0,0.1819,0.3507,0.1431,0.3825,0.4302,19.92
power_theta50_rho16,power,50.0,16.0,,100,43.87,17.69,1.71,76.0,0.0744,0.3261,0.0436,0.4228,0.5108,25.62
power_theta50_rho64,power,50.0,64.0,,100,159.72,51.82,2.65,93.0,0.0408,0.4012,0.0218,0.5934,0.5922,20.51
power_theta100_rho0,power,100.0,0.0,,100,1.0,0.0,0.01,1.0,0.99,0.99,0.99,0.99,0.99,14.19
power_theta100_rho1,power,100.0,1.0,,100,4.02,1.44,0.26,20.0,0.4692,0.5073,0.458,0.5245,0.5593,14.38
power_theta100_rho4,power,100.0,4.0,,100,11.81,5.72,1.06,59.0,0.2486,0.4163,0.2104,0.4611,0.5757,15.09
power_theta100_rho16,power,100.0,16.0,,100,46.19,19.38,2.24,89.0,0.0971,0.381,0.0587,0.4991,0.5987,22.04
power_theta100_rho64,power,100.0,64.0,,100,163.66,63.66,3.53,98.0,0.0486,0.4044,0.0262,0.5921,0.608,16.18
power_theta200_rho0,power,200.0,0.0,,100,1.0,0.0,0.01,1.0,0.99,0.99,0.99,0.99,0.99,14.18
power_theta200_rho1,power,200.0,1.0,,100,3.9,1.24,0.25,23.0,0.5475,0.5959,0.5331,0.6102,0.6559,14.58
power_theta200_rho4,power,200.0,4.0,,100,11.57,5.26,1.05,60.0,0.1945,0.3784,0.147,0.4477,0.5075,15.48
power_theta200_rho16,power,200.0,16.0,,100,43.63,19.66,2.59,93.0,0.1138,0.4193,0.0697,0.5531,0.6333,18.17
power_theta200_rho64,power,200.0,64.0,,100,165.57,69.03,3.96,96.0,0.0471,0.3837,0.0256,0.5649,0.6058,19.63
fp_theta10_alpha2p0,false_positive,10.0,0.0,2.0,100,1.0,0.0,0.0,0.0,1.0,1.0,1.0,1.0,1.0,16.34
fp_theta10_alpha0p5,false_positive,10.0,0.0,0.5,100,1.0,0.0,0.0,0.0,1.0,1.0,1.0,1.0,1.0,17.39
fp_theta10_alpha0p05,false_positive,10.0,0.0,0.05,100,1.0,0.0,0.0,0.0,1.0,1.0,1.0,1.0,1.0,14.99
fp_theta50_alpha2p0,false_positive,50.0,0.0,2.0,100,1.0,0.0,0.0,0.0,1.0,1.0,1.0,1.0,1.0,15.48
fp_theta50_alpha0p5,false_positive,50.0,0.0,0.5,100,1.0,0.0,0.0,0.0,1.0,1.0,1.0,1.0,1.0,16.15
fp_theta50_alpha0p05,false_positive,50.0,0.0,0.05,100,1.0,0.0,0.0,0.0,1.0,1.0,1.0,1.0,1.0,14.87
fp_theta100_alpha2p0,false_positive,100.0,0.0,2.0,100,1.0,0.0,0.0,0.0,1.0,1.0,1.0,1.0,1.0,14.32
fp_theta100_alpha0p5,false_positive,100.0,0.0,0.5,100,1.0,0.0,0.0,0.0,1.0,1.0,1.0,1.0,1.0,15.48
fp_theta100_alpha0p05,false_positive,100.0,0.0,0.05,100,1.0,0.0,0.0,0.0,1.0,1.0,1.0,1.0,1.0,14.72
fp_theta200_alpha2p0,false_positive,200.0,0.0,2.0,100,1.0,0.0,0.0,0.0,1.0,1.0,1.0,1.0,1.0,18.19
fp_theta200_alpha0p5,false_positive,200.0,0.0,0.5,100,1.0,0.0,0.0,0.0,1.0,1.0,1.0,1.0,1.0,15.38
fp_theta200_alpha0p05,false_positive,200.0,0.0,0.05,100,1.0,0.0,0.0,0.0,1.0,1.0,1.0,1.0,1.0,15.01
