scenario_id,category_rhiz,theta_rhiz,rho_rhiz,alpha_rhiz,n_reps_rhiz,mean_partitions_rhiz,mean_K_true_rhiz,mean_K_hat_rhiz,detection_pct_rhiz,mean_rf1_rhiz,mean_ppv_rhiz,mean_tpr_rhiz,mean_s_triad_rhiz,mean_j_snp_rhiz,mean_runtime_ms_rhiz,category_3seq,theta_3seq,rho_3seq,alpha_3seq,n_reps_3seq,mean_partitions_3seq,mean_K_true_3seq,mean_K_hat_3seq,detection_pct_3seq,mean_rf1_3seq,mean_ppv_3seq,mean_tpr_3seq,mean_s_triad_3seq,mean_j_snp_3seq,mean_runtime_ms_3seq
power_theta10_rho0,power,10.0,0.0,,100,1.0,0.0,0.0,0.0,1.0,1.0,1.0,1.0,1.0,35.22,power,10.0,0.0,,100,1.0,0.0,0.0,0.0,1.0,1.0,1.0,1.0,1.0,59.74
power_theta10_rho1,power,10.0,1.0,,100,3.95,0.83,0.03,3.0,0.546,0.546,0.546,0.546,0.56,9.27,power,10.0,1.0,,100,3.95,0.83,0.04,2.0,0.54,0.5401,0.54,0.5418,0.5402,41.11
power_theta10_rho4,power,10.0,4.0,,100,12.17,3.71,0.09,8.0,0.199,0.2123,0.1957,0.2171,0.2415,9.94,power,10.0,4.0,,100,12.17,3.71,0.4,16.0,0.195,0.2008,0.1934,0.2116,0.2512,37.27
power_theta10_rho16,power,10.0,16.0,,100,45.19,11.06,0.21,21.0,0.0176,0.0616,0.0111,0.0791,0.1447,10.65,power,10.0,16.0,,100,45.19,11.06,0.58,22.0,0.0068,0.0207,0.0043,0.0321,0.1117,23.19
power_theta10_rho64,power,10.0,64.0,,100,157.22,25.97,0.03,3.0,0.0008,0.0112,0.0004,0.0129,0.0225,11.93,power,10.0,64.0,,100,157.22,25.97,0.03,1.0,0.0004,0.0019,0.0002,0.0032,0.0064,23.67
power_theta50_rho0,power,50.0,0.0,,100,1.0,0.0,0.0,0.0,1.0,1.0,1.0,1.0,1.0,13.32,power,50.0,0.0,,100,1.0,0.0,0.03,2.0,0.98,0.98,0.98,0.98,0.98,30.29
power_theta50_rho1,power,50.0,1.0,,100,3.92,1.56,0.29,23.0,0.4703,0.516,0.4571,0.5302,0.5683,15.52,power,50.0,1.0,,100,3.92,1.56,2.14,38.0,0.4079,0.4098,0.4101,0.4847,0.4865,31.7
power_theta50_rho4,power,50.0,4.0,,100,12.37,5.11,0.78,51.0,0.1776,0.3511,0.1399,0.3814,0.4504,12.76,power,50.0,4.0,,100,12.37,5.11,5.18,73.0,0.0666,0.0698,0.07,0.17,0.2894,28.88
power_theta50_rho16,power,50.0,16.0,,100,43.87,17.69,1.92,78.0,0.0743,0.2987,0.0445,0.3912,0.5216,13.03,power,50.0,16.0,,100,43.87,17.69,9.75,96.0,0.0387,0.0635,0.0316,0.1908,0.3383,24.51
power_theta50_rho64,power,50.0,64.0,,100,159.72,51.82,2.88,94.0,0.0438,0.4164,0.0235,0.6057,0.6042,13.77,power,50.0,64.0,,100,159.72,51.82,10.82,100.0,0.0415,0.1189,0.0258,0.3382,0.3819,25.4
power_theta100_rho0,power,100.0,0.0,,100,1.0,0.0,0.01,1.0,0.99,0.99,0.99,0.99,0.99,14.26,power,100.0,0.0,,100,1.0,0.0,0.0,0.0,1.0,1.0,1.0,1.0,1.0,33.36
power_theta100_rho1,power,100.0,1.0,,100,4.02,1.44,0.29,22.0,0.4714,0.508,0.46,0.525,0.5573,14.93,power,100.0,1.0,,100,4.02,1.44,3.84,52.0,0.3496,0.3489,0.3559,0.4686,0.5033,36.74
power_theta100_rho4,power,100.0,4.0,,100,11.81,5.72,1.08,63.0,0.212,0.3808,0.1752,0.4269,0.551,13.03,power,100.0,4.0,,100,11.81,5.72,8.38,85.0,0.0624,0.0631,0.0684,0.1786,0.3118,31.79
power_theta100_rho16,power,100.0,16.0,,100,46.19,19.38,2.22,91.0,0.0901,0.3728,0.054,0.4844,0.6305,13.1,power,100.0,16.0,,100,46.19,19.38,14.17,100.0,0.0426,0.0536,0.0398,0.1941,0.292,27.78
power_theta100_rho64,power,100.0,64.0,,100,163.66,63.66,3.55,98.0,0.0469,0.3939,0.0253,0.5755,0.6112,14.0,power,100.0,64.0,,100,163.66,63.66,14.54,100.0,0.0386,0.1031,0.0244,0.3349,0.3418,28.43
power_theta200_rho0,power,200.0,0.0,,100,1.0,0.0,0.0,0.0,1.0,1.0,1.0,1.0,1.0,12.72,power,200.0,0.0,,100,1.0,0.0,0.06,1.0,0.99,0.99,0.99,0.99,0.99,36.34
power_theta200_rho1,power,200.0,1.0,,100,3.9,1.24,0.32,27.0,0.5258,0.5718,0.5126,0.5859,0.6341,13.26,power,200.0,1.0,,100,3.9,1.24,4.05,43.0,0.4674,0.465,0.4821,0.5515,0.5795,39.62
power_theta200_rho4,power,200.0,4.0,,100,11.57,5.26,1.2,65.0,0.1964,0.3675,0.1502,0.4388,0.5268,15.96,power,200.0,4.0,,100,11.57,5.26,10.92,89.0,0.0491,0.0457,0.0603,0.1674,0.3047,36.97
power_theta200_rho16,power,200.0,16.0,,100,43.63,19.66,2.7,95.0,0.1154,0.4145,0.0713,0.5437,0.6458,13.14,power,200.0,16.0,,100,43.63,19.66,17.25,100.0,0.0478,0.0561,0.0486,0.2124,0.2835,37.34
power_theta200_rho64,power,200.0,64.0,,100,165.57,69.03,3.82,97.0,0.0447,0.3827,0.0242,0.5712,0.6067,13.89,power,200.0,64.0,,100,165.57,69.03,16.26,100.0,0.0344,0.0895,0.0218,0.3257,0.3184,33.32
fp_theta10_alpha2p0,false_positive,10.0,0.0,2.0,100,1.0,0.0,0.0,0.0,1.0,1.0,1.0,1.0,1.0,12.64,false_positive,10.0,0.0,2.0,100,1.0,0.0,0.0,0.0,1.0,1.0,1.0,1.0,1.0,26.55
fp_theta10_alpha0p5,false_positive,10.0,0.0,0.5,100,1.0,0.0,0.0,0.0,1.0,1.0,1.0,1.0,1.0,12.57,false_positive,10.0,0.0,0.5,100,1.0,0.0,0.0,0.0,1.0,1.0,1.0,1.0,1.0,28.43
fp_theta10_alpha0p05,false_positive,10.0,0.0,0.05,100,1.0,0.0,0.0,0.0,1.0,1.0,1.0,1.0,1.0,12.86,false_positive,10.0,0.0,0.05,100,1.0,0.0,0.0,0.0,1.0,1.0,1.0,1.0,1.0,29.71
fp_theta50_alpha2p0,false_positive,50.0,0.0,2.0,100,1.0,0.0,0.0,0.0,1.0,1.0,1.0,1.0,1.0,15.32,false_positive,50.0,0.0,2.0,100,1.0,0.0,0.0,0.0,1.0,1.0,1.0,1.0,1.0,28.22
fp_theta50_alpha0p5,false_positive,50.0,0.0,0.5,100,1.0,0.0,0.0,0.0,1.0,1.0,1.0,1.0,1.0,12.78,false_positive,50.0,0.0,0.5,100,1.0,0.0,0.0,0.0,1.0,1.0,1.0,1.0,1.0,24.53
fp_theta50_alpha0p05,false_positive,50.0,0.0,0.05,100,1.0,0.0,0.01,1.0,0.99,0.99,0.99,0.99,0.99,12.87,false_positive,50.0,0.0,0.05,100,1.0,0.0,0.0,0.0,1.0,1.0,1.0,1.0,1.0,27.04
fp_theta100_alpha2p0,false_positive,100.0,0.0,2.0,100,1.0,0.0,0.0,0.0,1.0,1.0,1.0,1.0,1.0,13.52,false_positive,100.0,0.0,2.0,100,1.0,0.0,0.0,0.0,1.0,1.0,1.0,1.0,1.0,28.11
fp_theta100_alpha0p5,false_positive,100.0,0.0,0.5,100,1.0,0.0,0.01,1.0,0.99,0.99,0.99,0.99,0.99,12.9,false_positive,100.0,0.0,0.5,100,1.0,0.0,0.01,1.0,0.99,0.99,0.99,0.99,0.99,27.54
fp_theta100_alpha0p05,false_positive,100.0,0.0,0.05,100,1.0,0.0,0.01,1.0,0.99,0.99,0.99,0.99,0.99,15.05,false_positive,100.0,0.0,0.05,100,1.0,0.0,0.0,0.0,1.0,1.0,1.0,1.0,1.0,26.68
fp_theta200_alpha2p0,false_positive,200.0,0.0,2.0,100,1.0,0.0,0.02,2.0,0.98,0.98,0.98,0.98,0.98,13.74,false_positive,200.0,0.0,2.0,100,1.0,0.0,0.0,0.0,1.0,1.0,1.0,1.0,1.0,30.64
fp_theta200_alpha0p5,false_positive,200.0,0.0,0.5,100,1.0,0.0,0.0,0.0,1.0,1.0,1.0,1.0,1.0,14.16,false_positive,200.0,0.0,0.5,100,1.0,0.0,0.01,1.0,0.99,0.99,0.99,0.99,0.99,30.56
fp_theta200_alpha0p05,false_positive,200.0,0.0,0.05,100,1.0,0.0,0.03,3.0,0.97,0.97,0.97,0.97,0.97,12.92,false_positive,200.0,0.0,0.05,100,1.0,0.0,0.0,0.0,1.0,1.0,1.0,1.0,1.0,26.41
