topology,d_parent,K,tool,total_runs,mean_recall,mean_precision,mean_bg_fpr,mean_unique_events,mean_raw_alerts,mean_jaccard,mean_donors_resolved,mean_time_ms
dual_cassette,0.02,1,3SEQ,20,1.0,0.7707795698924731,0.06999999999999999,4.15,4.15,0.8457408403393382,1.0,2472.8204395000002
dual_cassette,0.02,1,RhizAeon,20,1.0,1.0,0.0,1.9,1.9,0.747327297577945,1.9,2089.31309995
dual_cassette,0.02,5,3SEQ,20,1.0,0.7088525541795666,0.12,10.4,10.4,0.8071292698938374,1.05,2934.0762478000006
dual_cassette,0.02,5,RhizAeon,20,0.96,1.0,0.0,2.0,8.7,0.7692396706179095,1.95,2109.03482085
dual_cassette,0.02,10,3SEQ,20,1.0,0.8276482213438735,0.10111111111111111,14.55,14.55,0.8870705692772779,1.1,3756.9996312499993
dual_cassette,0.02,10,RhizAeon,20,0.9800000000000001,0.9954545454545455,0.0011111111111111111,1.8,15.2,0.8105306799143746,1.65,2298.3941478499996
dual_cassette,0.05,1,3SEQ,20,1.0,0.09672189758112434,0.47111111111111115,22.2,22.2,0.5868757456252307,1.0,2868.9767812
dual_cassette,0.05,1,RhizAeon,20,1.0,1.0,0.0,2.0,2.0,0.9667213279884088,2.0,2058.5638042500004
dual_cassette,0.05,5,3SEQ,20,1.0,0.21729145120824386,0.5244444444444445,28.6,28.6,0.6745917964600348,1.0,3657.746427200001
dual_cassette,0.05,5,RhizAeon,20,1.0,1.0,0.0,2.0,10.0,0.9673789106499096,2.0,2243.5400834
dual_cassette,0.05,10,3SEQ,20,1.0,0.25212269104402224,0.7011111111111111,41.55,41.55,0.6893064559349789,1.05,5052.8260187000005
dual_cassette,0.05,10,RhizAeon,20,1.0,1.0,0.0,2.0,20.0,0.9622766016842524,2.0,2437.1021209
dual_cassette,0.1,1,3SEQ,20,1.0,0.09091183046596173,0.6077777777777778,28.35,28.35,0.5168099463965312,1.0,4005.6563146499975
dual_cassette,0.1,1,RhizAeon,20,1.0,1.0,0.0,2.0,2.0,0.9801790875782996,2.0,1804.19157705
dual_cassette,0.1,5,3SEQ,20,1.0,0.14834004435107376,0.71,36.95,36.95,0.572108799027639,1.05,5286.414883449999
dual_cassette,0.1,5,RhizAeon,20,1.0,1.0,0.0,2.0,10.0,0.9853568998438418,2.0,2171.649033299998
dual_cassette,0.1,10,3SEQ,20,1.0,0.2284231509231509,0.8099999999999999,46.45,46.45,0.587785914567642,1.15,7235.5447916
dual_cassette,0.1,10,RhizAeon,20,1.0,1.0,0.0,2.0,20.0,0.9841926639516456,2.0,2385.7938813500004
nested_russian_doll,0.02,1,3SEQ,20,1.0,0.6473406862745098,0.11555555555555555,6.2,6.2,0.34735066322960473,1.0,2036.3857166000003
nested_russian_doll,0.02,1,RhizAeon,20,0.95,0.853125,0.03333333333333333,1.6,2.9,0.3173216138158998,0.95,1845.8638251000011
nested_russian_doll,0.02,5,3SEQ,20,1.0,0.46353383458646613,0.27555555555555555,17.4,17.4,0.3428983185626102,1.0,3202.360299999998
nested_russian_doll,0.02,5,RhizAeon,20,0.78,0.8059356725146198,0.028888888888888888,1.5,6.05,0.33138929646456383,1.0,2294.6941895500004
nested_russian_doll,0.02,10,3SEQ,20,1.0,0.4868918480875003,0.33666666666666667,25.15,25.15,0.3618550527029699,1.0,4880.689637550001
nested_russian_doll,0.02,10,RhizAeon,20,0.82,0.8848484848484848,0.02,1.25,9.2,0.33817107961899995,0.95,3206.2496166999995
nested_russian_doll,0.05,1,3SEQ,20,1.0,0.04919299155263952,0.4833333333333333,22.75,22.75,0.4065870391195894,1.0,3643.084949999998
nested_russian_doll,0.05,1,RhizAeon,20,1.0,0.8729761904761905,0.025555555555555554,1.55,2.55,0.3445562195605275,0.95,2494.7792269499982
nested_russian_doll,0.05,5,3SEQ,20,1.0,0.1810727225672878,0.5777777777777777,31.0,31.0,0.375311507736336,1.0,4705.524381249997
nested_russian_doll,0.05,5,RhizAeon,20,1.0,0.9833333333333334,0.0022222222222222222,2.0,7.15,0.2889319726452893,0.9,3009.958216749999
nested_russian_doll,0.05,10,3SEQ,20,1.0,0.2754319502743341,0.6333333333333333,38.5,38.5,0.41221045191940375,1.0,5846.792379249998
nested_russian_doll,0.05,10,RhizAeon,20,1.0,0.9863636363636363,0.003333333333333333,1.95,13.8,0.25851265666285805,0.9,3394.3393146000017
nested_russian_doll,0.1,1,3SEQ,20,1.0,0.13426164941722687,0.5622222222222222,26.3,26.3,0.4747712021911603,1.0,5916.618400000001
nested_russian_doll,0.1,1,RhizAeon,20,1.0,0.7272092490842491,0.05555555555555556,1.9,4.0,0.31769663634560197,0.9,2493.523883300001
nested_russian_doll,0.1,5,3SEQ,20,1.0,0.14123873617833702,0.7211111111111111,37.45,37.45,0.43683180924423687,1.0,8830.33331665
nested_russian_doll,0.1,5,RhizAeon,20,0.96,0.8601221804511278,0.03666666666666667,1.8,8.1,0.2606740963072131,0.9,4250.560479200001
nested_russian_doll,0.1,10,3SEQ,20,1.0,0.2130923409225296,0.8633333333333333,48.85,48.85,0.46087464564760017,1.0,8302.233812400002
nested_russian_doll,0.1,10,RhizAeon,20,1.0,0.9863636363636363,0.003333333333333333,2.05,15.1,0.3219213117645607,1.0,3279.2332334000007
triple_crossover,0.02,1,3SEQ,20,1.0,0.5524919871794871,0.16444444444444445,8.4,8.4,0.5984185413612928,1.25,2347.581502050002
triple_crossover,0.02,1,RhizAeon,20,0.95,0.95,0.0011111111111111111,1.7,1.7,0.7414552884803818,1.0,2069.114770800003
triple_crossover,0.02,5,3SEQ,20,1.0,0.5102560322374564,0.27555555555555555,17.4,17.4,0.5899435155357301,1.3,3293.1174874999983
triple_crossover,0.02,5,RhizAeon,20,0.9800000000000001,0.9777777777777779,0.0044444444444444444,1.55,6.75,0.6068651822409314,0.8,2532.4394707500005
triple_crossover,0.02,10,3SEQ,20,1.0,0.47085526982552156,0.37222222222222223,26.75,26.75,0.6138434712847145,1.35,4563.438281249999
triple_crossover,0.02,10,RhizAeon,20,0.9349999999999999,1.0,0.0,1.75,11.25,0.7852173516786787,1.1,2989.2969666999975
triple_crossover,0.05,1,3SEQ,20,1.0,0.13269848620236732,0.5966666666666667,27.85,27.85,0.6057884256107101,1.4,3377.1315332499967
triple_crossover,0.05,1,RhizAeon,20,1.0,0.975,0.0011111111111111111,1.9,1.9,0.7813213548006533,1.4,2336.7298834000007
triple_crossover,0.05,5,3SEQ,20,1.0,0.12880162915606125,0.8233333333333333,42.05,42.05,0.5909142767143429,1.55,4469.02573534999
triple_crossover,0.05,5,RhizAeon,20,0.99,0.9431818181818181,0.01111111111111111,1.8,7.0,0.8350102060493763,1.1,2542.7433457999937
triple_crossover,0.05,10,3SEQ,20,1.0,0.19076987036476495,0.9533333333333334,52.9,52.9,0.5903240035641905,1.45,5965.005695800002
triple_crossover,0.05,10,RhizAeon,20,0.9800000000000001,0.9916666666666666,0.0022222222222222222,2.05,13.8,0.7272765098215821,1.3,3158.6919124499955
triple_crossover,0.1,1,3SEQ,20,1.0,0.0351322658024389,0.6833333333333333,31.75,31.75,0.5892600400926392,1.35,4632.507420949994
triple_crossover,0.1,1,RhizAeon,20,1.0,0.9666666666666666,0.0022222222222222222,1.65,1.7,0.6405805903821751,1.0,2015.8632937500017
triple_crossover,0.1,5,3SEQ,20,1.0,0.14021680454785274,0.7655555555555555,39.45,39.45,0.5250729153488114,1.4,5943.668350049992
triple_crossover,0.1,5,RhizAeon,20,0.7,0.74,0.024444444444444442,1.85,5.85,0.8007719606932001,0.9,2409.894704149994
triple_crossover,0.1,10,3SEQ,20,1.0,0.23971827521417124,0.76,44.2,44.2,0.6272137715260567,1.35,7217.945277200005
triple_crossover,0.1,10,RhizAeon,20,0.8099999999999999,0.9,0.02222222222222222,2.0,11.65,0.7101750287086054,1.05,2924.5839893999914
